sample_id,question,context,reference_answer,model_id,model_name,hf_id,generated_answer,inference_time_sec,generated_tokens,tokens_per_second,status
1,Evaluate the balance of individual rights and societal interests in the provided case.,"Case Citation: Central Inland Water Transport Corporation Ltd. vs Brojo Nath Ganguly & Anr., 1986 AIR 1571, 1986 SCR (2) 278. The case revolves around the validity of service rule 9(i) allowing termination of permanent employees without assigning any reason under right to equality under Article 14. The Supreme Court upheld the High Court's decision striking down the service rule as unconstitutional.","In the given case, the Supreme Court of India has struck a balance between individual rights and societal interests. On one hand, the court upheld the individual rights of the employees by ruling that the termination of their services without assigning any reason is arbitrary and violates their right to equality under Article 14 of the Indian Constitution. This decision protected the employees' right to livelihood, which is an integral part of the right to life under Article 21. On the other hand, the court also considered societal interests by recognizing that government companies undertaking public functions qualify as 'State' under Article 12. This implies that such entities have a responsibility to uphold the constitutional rights of citizens, thereby serving societal interests. The court's decision ensures that state agencies comply with principles of natural justice and constitutional provisions even in contractual matters, thereby promoting transparency, accountability, and fairness in public administration. Therefore, the court has effectively balanced individual rights and societal interests in this case.",model_2,Qwen2.5-0.5B-Instruct,Qwen/Qwen2.5-0.5B-Instruct,"The case cited is Central Inland Water Transport Corporation Ltd. v. Brojo Nath Ganguly & Anr., where the Supreme Court upheld a provision that allows for terminating permanent employees without giving them notice or providing reasons for such terminations under Article 14 of the Constitution. This provision was struck down by the High Court on the grounds that it violated the principle of equality before the law, which is enshrined in Article 14(1).

In evaluating this case from a legal perspective, we must consider both the individual rights of the employees and the broader societal interest at stake. Here’s how we can analyze these aspects:

### Individual Rights:
- **Right to Equality Under Article 14**: Article 14 guarantees fundamental human rights including freedom from discrimination based on caste, race",6.3054,160,25.37,SUCCESS
2,Identify and explain the articles of the Indian Constitution applicable to the provided case.,Ratilal Panachand Gandhi vs The State Of Bombay And Others (1954),"The case Ratilal Panachand Gandhi vs The State Of Bombay And Others (1954) involves the interpretation and application of certain articles of the Indian Constitution. The relevant articles in this case are:

1) Article 25: This article guarantees the freedom of religion to all individuals in India. It ensures that every person has the right to freely profess, practice, and propagate their religion.

2) Article 26: This article provides the freedom to manage religious affairs. It grants religious denominations or any section thereof the right to establish and maintain institutions for religious and charitable purposes, and to manage their own affairs in matters of religion.

3) Article 132(1): This article grants the Supreme Court of India the power to hear and decide appeals from any judgment, decree, or final order of a High Court in the territory of India, whether in a civil, criminal, or other proceeding.

These articles are crucial in determining the constitutionality of the provisions of the Bombay Public Trusts Act, 1950 and in safeguarding the fundamental rights of individuals and religious institutions involved in the case.",model_2,Qwen2.5-0.5B-Instruct,Qwen/Qwen2.5-0.5B-Instruct,"The article of the Indian Constitution that applies to this case is Article 370, which deals with the partition of Bengal under British rule. This provision was part of the Partition Act of 1906, enacted by the British government after the First World War. It established a new state called Jharkhand as a separate administrative division from Bihar, Bengal, and Orissa.

In the context of Ratilal Panachand Gandhi's case against the State of Bombay and others, the key points regarding Articles 370 and its application would be:

1. **Partition of Bengal**: The first paragraph of Article 370 states that ""the said State shall not be divided into two or more parts."" This means that if the state of Bengal were to be split up",5.6127,160,28.51,SUCCESS
3,Discuss the potential implications of the given case for Indian family law.,"The case K. S. Ramamurthi Reddiar vs The Chief Commissioner, Pondicherry & Anr., AIR 1963 SC 1464, Supreme Court of India","The case of K. S. Ramamurthi Reddiar vs The Chief Commissioner, Pondicherry & Anr. has limited implications for Indian family law as it primarily deals with constitutional law and the interpretation of Article 12 of the Constitution. However, there are a few potential implications that can be derived from the case.

Firstly, the case highlights the importance of clear and precise definitions in the interpretation of constitutional provisions. In this case, the interpretation of the phrase 'under the control of the Government of India' in Article 12 was crucial in determining the jurisdiction of the Chief Commissioner of Pondicherry. This emphasis on precise definitions can also be relevant in family law, where the interpretation of terms such as 'marriage', 'divorce', 'custody', and 'maintenance' can have significant implications for individuals and families.

Secondly, the case underscores the principle of separation of powers and the independence of judicial and quasi-judicial authorities. The Supreme Court held that judicial and quasi-judicial authorities outside the territory of India cannot be considered 'under the control of the Government of India' for the purpose of Article 12. This principle of independence can also be applicable in family law, where the judiciary plays a crucial role in resolving disputes related to marriage, divorce, child custody, and other family matters.

Lastly, the case highlights the importance of prospective application of the Constitution. The Supreme Court held that no writ can be issued under Article 32 concerning acts done before an area became part of the territory of India. This principle of prospective application can be relevant in family law cases where the interpretation and application of laws should be based on the current legal framework and not retrospective in nature.

Overall, while the case of K. S. Ramamurthi Reddiar vs The Chief Commissioner, Pondicherry & Anr. may not have direct implications for Indian family law, it emphasizes the need for clear definitions, the independence of judicial authorities, and the prospective application of laws, which can be relevant in the context of family law as well.",model_2,Qwen2.5-0.5B-Instruct,Qwen/Qwen2.5-0.5B-Instruct,"The case K. S. Ramamurthi Reddiar v The Chief Commissioner, Pondicherry & Anr., AIR 1963 SC 1464 is a landmark decision that has significant implications for Indian family law. This case highlights several key points:

1. **Recognition of Family Law**: The court held that under Section 25(1) of the Constitution, all citizens have equal rights to marry and divorce within their own country. This means that individuals can choose whether or not they want to maintain their marriage and decide on the dissolution of it if necessary.

2. **Right to Marry**: The court ruled that every citizen has the right to marry without any discrimination based on race, religion, caste, gender, place of birth, etc. This",6.2073,160,25.78,SUCCESS
4,Explain the use of alternative dispute resolution mechanisms in the provided case.,"Case Citation: Essar Oil Ltd vs Halar Utkarsh Samiti & Ors on 19 January, 2004","In the case of Essar Oil Ltd vs Halar Utkarsh Samiti & Ors, alternative dispute resolution mechanisms were not explicitly mentioned or utilized. The case primarily revolved around the interpretation and application of Section 29 of the Wildlife Protection Act, 1972, and the decision was reached through the traditional judicial process. The parties involved, namely Essar Oil Ltd and the respondent NGOs, Halar Utkarsh Samiti and Jansangharsh Manch, presented their arguments and evidence before the courts, and the final judgment was delivered by the Supreme Court of India. Therefore, in this particular case, alternative dispute resolution mechanisms such as mediation, arbitration, or negotiation were not employed to resolve the legal dispute. The court system was the chosen avenue for adjudicating the matter and reaching a final decision.",model_2,Qwen2.5-0.5B-Instruct,Qwen/Qwen2.5-0.5B-Instruct,"The case cited is Essar Oil Ltd v Halar Utkarsh Samiti & Ors (No. 3) [2004] ICR 587. This decision addresses a dispute between Essar Oil Limited and Halar Utkarsh Samiti regarding the interpretation of a clause in their contract that specifies the terms for payment under the oil field development project. The court ruled that the parties could resolve this issue through mediation or arbitration rather than going to court directly.

### Alternative Dispute Resolution Mechanisms:

1. **Mediation**:
   - Mediation involves two participants who attempt to reach a mutually acceptable agreement without involving any third party.
   - It can be facilitated by trained mediators experienced in resolving disputes related to contracts.
   - In this context",5.6847,160,28.15,SUCCESS
5,Draft a hypothetical dissenting opinion for the provided case.,"Sukhdev Singh & Ors vs Bagatram Sardar Singh on 21 February, 1975","In the case of Sukhdev Singh & Ors vs Bagatram Sardar Singh, I respectfully dissent from the majority opinion. While I acknowledge the importance of statutory corporations and the need for regulations to govern their operations, I disagree with the conclusion that these regulations have the force of law and that employees of such corporations have statutory status.

Firstly, I believe that regulations framed by statutory corporations should be treated as contractual in nature rather than having the force of law. These regulations are internal guidelines that govern the relationship between the corporation and its employees. They do not possess the essential attributes of legislation, such as the manner and procedure of making them and their general applicability to the public.

Secondly, I am of the opinion that employees of statutory corporations should not be granted statutory status. While it is true that these corporations are established by statute and carry out public functions, their employees should be treated as employees of private companies rather than as public servants. Granting them statutory status would create an imbalance in the employment relationship and potentially lead to excessive litigation.

Therefore, I dissent from the majority opinion and would hold that the regulations framed by statutory corporations do not have the force of law and that employees of such corporations do not have statutory status.",model_2,Qwen2.5-0.5B-Instruct,Qwen/Qwen2.5-0.5B-Instruct,"**Hypothetical Dissenting Opinion**

In this case, the Supreme Court has addressed the constitutionality of Article 30(4) of the Constitution, which provides that ""the State shall not be liable to any person who is found guilty by a court of competent jurisdiction."" The dissenting judgment argues against the interpretation of this provision as it pertains to criminal cases rather than civil ones. It contends that the text of the article should be interpreted more broadly to encompass all types of offenses, including those committed within the territory of the state itself or involving citizens from other states.

The dissenters argue that Article 30(4) does not apply to crimes committed within the boundaries of the state because such crimes would fall under the purview of the National Security Act (NSA), which",6.0581,160,26.41,SUCCESS
6,Discuss the potential implications of the provided case for the development of Indian case law.,Rudul Sah v. State of Bihar (1983),"The case of Rudul Sah v. State of Bihar (1983) has several potential implications for the development of Indian case law. Firstly, it establishes the principle that continued detention of an acquitted prisoner violates the fundamental right to life and liberty under Article 21 of the Constitution. This decision sets a precedent for future cases involving illegal detention and reinforces the importance of protecting individual rights. It also highlights the need for compensation to be awarded in cases of Article 21 violations, emphasizing the role of monetary relief in enforcing fundamental rights.

Secondly, the case expands the scope of Article 32 of the Constitution, which provides the right to move the Supreme Court for the enforcement of fundamental rights. The court's ruling that compensation can be awarded under Article 32 for deprivation of fundamental rights strengthens the power of the Supreme Court to provide remedies beyond issuing writs. This has significant implications for the development of Indian case law, as it empowers the court to provide compensatory relief in cases of rights violations.

Furthermore, the decision in this case underscores the importance of the judiciary in safeguarding fundamental rights and ensuring justice. By holding the State accountable for the unlawful detention of Rudul Sah, the court sends a strong message that violations of constitutional rights will not be tolerated. This reaffirms the role of the judiciary as a protector of individual liberties and sets a precedent for future cases involving similar violations.

Overall, the Rudul Sah case has far-reaching implications for the development of Indian case law. It strengthens the protection of fundamental rights, expands the powers of the Supreme Court, and reinforces the role of the judiciary in upholding justice and ensuring accountability. This landmark decision sets important precedents that will shape the future trajectory of Indian jurisprudence.",model_2,Qwen2.5-0.5B-Instruct,Qwen/Qwen2.5-0.5B-Instruct,"The case cited is Rudul Sah v. State of Bihar (1983), which was a landmark decision that had significant implications for the development of Indian constitutional law and the interpretation of the Constitution by the Supreme Court of India. Here's a detailed discussion on its potential implications:

### Background and Core Issue

In Rudul Sah v. State of Bihar, the Supreme Court of India ruled against the state government of Bihar regarding the constitutionality of a provincial election regulation. The regulation allowed candidates to run as independents without any restrictions or qualifications. This regulation challenged the principle of direct democracy, where citizens could vote directly on issues affecting their lives through elections held at the local level.

### Key Points of the Case

1. **Direct Democracy vs. Indirect Democracy**: The core issue was whether the",5.6679,160,28.23,SUCCESS
7,Draft a hypothetical legal notice based on the facts of the provided case.,"Bachan Singh vs State of Punjab, Supreme Court of India, August 16, 1982, Case No. Writ Petition (Criminal) No. 67 of 1978","To the Secretary, Ministry of Home Affairs, Government of India,

Subject: Legal Notice pertaining to the inconsistency in the application of the death penalty.

I write on behalf of my client, a renowned human rights organization, to bring to your attention the potential arbitrariness and inconsistency in the application of capital punishment under section 302 of the Indian Penal Code, as highlighted by the Supreme Court case, Bachan Singh vs State of Punjab.

My client asserts that the lack of concrete guidelines for applying the death penalty can lead to subjective decisions which may infringe upon an individual's right to equality before the law (Article 14) and the right to life (Article 21) of the Indian Constitution.

We urge the Ministry of Home Affairs to undertake a comprehensive review of the existing sentencing guidelines related to capital punishment, to ensure that they are applied in a just, fair, and reasonable manner.

If we do not receive a satisfactory response within 60 days of receipt of this notice, we will be compelled to seek judicial intervention on this matter.

Yours sincerely,
[Legal Representative's Name]
[Legal Representative's Contact Information]",model_2,Qwen2.5-0.5B-Instruct,Qwen/Qwen2.5-0.5B-Instruct,"**Hypothetical Legal Notice for Bachan Singh v. State of Punjab**

---

**[Date]**

**[Name of the District Court or High Court]**,

**[Address of the District Court or High Court],**

**[City/State] - [Pin Code]**

**[Name of the Advocate General or Chief Justice of the District Court/High Court]**

**[Date]**

**[Name of the Advocate General or Chief Justice of the District Court/High Court]**

---

### **Introduction**
The present case pertains to the issue of whether a draft amendment to the Criminal Procedure Code (CP), which was introduced by the Government of India during the tenure of the erstwhile Prime Minister of India, should be notified to Parliament before its implementation. The amendment sought",5.8516,160,27.34,SUCCESS
8,Summarize how the given case has been subsequently treated by Indian courts.,Rudul Sah v. State of Bihar (1983),"The case of Rudul Sah v. State of Bihar (1983) has been subsequently treated by Indian courts in various ways. Firstly, the decision in this case established the principle that continued detention of an acquitted prisoner violates the fundamental right to life and liberty under Article 21 of the Constitution. This principle has been consistently upheld and applied by Indian courts in subsequent cases involving similar issues of illegal detention after acquittal.

Secondly, the Supreme Court's ruling in this case clarified that compensation can be awarded for the violation of Article 21 rights in a habeas corpus petition filed under Article 32. This principle has been reaffirmed and expanded upon in subsequent cases, emphasizing the importance of providing monetary compensation to victims of illegal detention.

Furthermore, the decision in Rudul Sah case has had a significant impact on the jurisprudence surrounding the interpretation and enforcement of fundamental rights in India. It has been cited and relied upon by courts in subsequent cases dealing with issues related to the right to life and personal liberty, serving as a precedent for protecting individuals from arbitrary and unlawful detention.

Overall, the case of Rudul Sah v. State of Bihar (1983) has had a lasting impact on Indian jurisprudence, shaping the understanding and application of fundamental rights, particularly in relation to illegal detention and the right to compensation.",model_2,Qwen2.5-0.5B-Instruct,Qwen/Qwen2.5-0.5B-Instruct,"The case of Rudul Sah v. State of Bihar (1983) is a landmark decision that significantly shaped the interpretation and application of the Constitution of India. This case was significant because it dealt with the issue of state intervention in matters related to education, particularly regarding the provision of free public education under Article 240A of the Constitution.

In this case, the Supreme Court held that the state cannot interfere directly or indirectly with the educational system without proper justification. The court ruled that any such interference must be justified through specific legislative provisions or laws enacted by the state legislature. If no such legislation exists, then the state's action must be subject to approval from the National Council for Educational Research and Training (NCERT).

This ruling established several important principles:

1. **State Interference",6.0072,160,26.63,SUCCESS
9,Draft a hypothetical legal advice for a client based on the outcome of the provided case.,"M/S.Raju Construction vs The Government Of India, 2022 SCC OnLine Mad 16024","Based on the outcome of the case M/S.Raju Construction vs The Government Of India, it is advised that clients engaged in construction services provided to the government should be aware of the government's power to grant and withdraw exemptions from service tax. The case establishes that the government has the authority to withdraw exemptions in public interest, as long as it is not arbitrary or mala fide. Therefore, clients should be prepared for the possibility of exemptions being withdrawn and their services becoming taxable.

To mitigate the impact of such withdrawals, clients should regularly review the applicable notifications and stay updated on any changes in taxation policies. It is important to maintain proper records and documentation to demonstrate compliance with tax laws. Clients should also consider seeking professional advice from tax experts to ensure accurate interpretation and application of the relevant laws.

In case of a withdrawal of exemption, clients should promptly assess the implications and determine the tax liability arising from the provision of their services. They should comply with the demands for service tax and make necessary payments within the specified timelines to avoid penalties or legal consequences.

It is advisable for clients to maintain open lines of communication with the government authorities and engage in constructive dialogue to address any concerns or disputes related to taxation. Clients should also explore the possibility of seeking reimbursement from service recipients based on applicable principles.

Overall, clients should be proactive, vigilant, and compliant with tax laws to navigate the complexities of taxation in the construction services sector. Seeking legal advice and staying informed about changes in taxation policies will help clients protect their interests and ensure smooth operations in their business endeavors.",model_2,Qwen2.5-0.5B-Instruct,Qwen/Qwen2.5-0.5B-Instruct,"**Hypothetical Legal Advice for Client Based on Outcome of Case M/S.Raju Construction vs The Government Of India, 2022 SCC OnLine Mad 16024**

In this scenario, the client is seeking guidance regarding the interpretation and application of Article 37(1) of the Constitution of India, which provides that ""no person shall be deprived of his life or liberty except as may be prescribed by law."" The court has held that the provision does not apply to individuals who have been convicted under Section 378A of the Criminal Procedure Code (CrPC), as these cases fall outside the purview of the Constitution's provisions.

The key points from the judgment are:

1. **Article 37(1)** Does Not Apply to Conv",5.7857,160,27.65,SUCCESS
10,Discuss the potential implications of the given case for Indian contract law.,"The case Sunil Batra v. Delhi Administration (1979), (1980) 3 SCC 488","The case of Sunil Batra v. Delhi Administration has several potential implications for Indian contract law. Although the case primarily dealt with the rights of prisoners and prison reforms, it indirectly touched upon certain aspects of contract law. Here are some potential implications:

1. Validity of contracts: The case highlighted the importance of ensuring that contracts are entered into voluntarily and without coercion. It emphasized the need for free consent and the absence of undue influence or duress. This serves as a reminder that contracts entered into under duress or coercion may be voidable.

2. Unconscionable contracts: The case indirectly raises the issue of unconscionable contracts, which are contracts that are extremely unfair or oppressive to one party. The court's focus on protecting the rights of prisoners and ensuring humane treatment can be seen as an extension of the principle of fairness in contracts.

3. Public policy considerations: The case emphasized the importance of public policy in contract law. The court's decision to issue guidelines for prison reforms and protect prisoners' rights can be seen as a reflection of the court's commitment to upholding public policy considerations, even in the context of contracts.

4. Contractual remedies: Although not directly addressed in the case, the principles laid down by the court regarding the protection of fundamental rights and the availability of writ remedies can have implications for contractual remedies as well. The case reinforces the idea that individuals have a right to seek redress for violations of their rights, including those arising from contractual relationships.

It is important to note that while the case does touch upon certain aspects of contract law, its primary focus is on prisoners' rights and prison reforms. Therefore, the implications for contract law should be understood in that context.",model_2,Qwen2.5-0.5B-Instruct,Qwen/Qwen2.5-0.5B-Instruct,"Sunil Batra v. Delhi Administration (1979) is a landmark decision that has significant implications for Indian contract law. The key points to consider include:

1. **Contract Formation**: The court held that contracts can be formed through various means such as oral agreements or written documents if they meet certain criteria set out in Section 2(6)(a) of the Contract Act, 1872.
   
2. **Negligence vs. Breach of Duty**: The court emphasized that negligence cannot excuse breaches of duty under the Contract Act. This highlights the importance of strict liability principles in contract law where parties must act with care and diligence.

3. **Equitable Principles**: The court also considered equitable considerations when determining whether a breach was intentional or negligent. It noted that",6.1783,160,25.9,SUCCESS
11,Evaluate the balance of individual rights and societal interests in the provided case.,"The case K. S. Ramamurthi Reddiar vs The Chief Commissioner, Pondicherry & Anr., AIR 1963 SC 1464","In the case of K. S. Ramamurthi Reddiar vs The Chief Commissioner, Pondicherry & Anr., the Supreme Court evaluated the balance between individual rights and societal interests. The court held that the Chief Commissioner of Pondicherry, acting as an appellate authority under the Motor Vehicles Act, cannot be considered a 'State' under Article 12 at the time when Pondicherry was not a part of India. As a result, the petitioner could not seek relief under Article 15 or Article 32 of the Constitution against an order passed at that time.   This decision reflects the court's consideration of both individual rights and societal interests. On one hand, the court recognized the petitioner's right to challenge the order as violative of Article 15, which prohibits discrimination by the State. This highlights the importance of protecting individual rights and ensuring equal treatment under the law.   On the other hand, the court also took into account the societal interest of maintaining the integrity and retrospective operation of the Constitution. It emphasized that the Constitution does not have retrospective operation and, therefore, no writ can be issued under Article 32 concerning acts done before an area became part of India. This indicates the court's recognition of the need to balance individual rights with the stability and prospective application of the Constitution.   Overall, the court's decision in this case demonstrates a careful consideration of both individual rights and societal interests. It upholds the principle of non-retrospective operation of the Constitution while also acknowledging the importance of protecting individual rights against discrimination. This balance ensures the fair and just application of the law in the context of the specific case and the broader constitutional framework.",model_2,Qwen2.5-0.5B-Instruct,Qwen/Qwen2.5-0.5B-Instruct,"In the case of K. S. Ramamurthi Reddiar v. The Chief Commissioner, Pondicherry & Anr., (AIR 1963 SC 1464), the Supreme Court of India examined the balance between individual rights and societal interests to determine whether these were being adequately protected under the Constitution of India.

### Key Points from the Case:

1. **Individual Rights**: The court was concerned with ensuring that individuals' fundamental human rights were not infringed upon.
2. **Societal Interests**: It also considered how these rights might be balanced against broader social or economic considerations.
3. **Nature of the Cases Involved**: The cases involved disputes over land acquisition and management by the Government of India.
4. **Court's Approach**: The",5.5775,160,28.69,SUCCESS
12,Draft an argument challenging the constitutionality of the law applied in the given case.,"The case Indra Sawhney vs Union of India, AIR 1993 SC 477","The law applied in the case of Indra Sawhney vs Union of India, which upholds the validity of reservation in promotions for SCs/STs under Articles 16(4) and 16(4A), can be challenged on the grounds of violating the right to equality under Articles 14 and 16(1) of the Constitution.

Firstly, it can be argued that reservation in promotions creates an unequal playing field and discriminates against general category candidates. Article 14 guarantees equality before the law and equal protection of the laws to all individuals. By providing reservation in promotions based on caste, the law creates a classification that treats individuals differently based on their caste, which goes against the principle of equality.

Secondly, the law can be challenged on the basis that it violates the right to equal opportunity under Article 16(1). This article ensures that there shall be equality of opportunity for all citizens in matters relating to employment or appointment to any office under the State. Reservation in promotions for SCs/STs may hinder the equal opportunity for other individuals who are equally or more deserving of the promotion.

Furthermore, it can be argued that the law fails to consider the principle of meritocracy. Merit should be the sole criterion for promotions, as it ensures that the most qualified individuals are selected. Reservation in promotions based on caste undermines this principle and may result in the promotion of less qualified candidates over more deserving ones.

In conclusion, the law applied in the case of Indra Sawhney vs Union of India can be challenged on the grounds of violating the right to equality under Articles 14 and 16(1) of the Constitution, as well as disregarding the principle of meritocracy. It is essential to ensure that promotion opportunities are based on merit and equal opportunity for all individuals, regardless of their caste or social background.",model_2,Qwen2.5-0.5B-Instruct,Qwen/Qwen2.5-0.5B-Instruct,"**Argument Against Constitutionality of Law Applied in Indra Sawhney v Union of India**

In the case of Indra Sawhney v Union of India (AIR 1993 SC 477), the Supreme Court of India has held that a provision in Article 265(1) of the Indian Constitution is unconstitutional when it conflicts with fundamental rights guaranteed by the Constitution to all citizens. The court's decision challenges the interpretation of this provision as interpreted by the High Court of Delhi, which ruled against the state government's application for permission under Article 265(1).

### Key Points:

1. **Article 265(1)**: This article provides for the right to privacy and personal liberty.
   
2. **Fundamental Rights**: These include",6.2673,160,25.53,SUCCESS
13,Explain how the given case might influence the interpretation of a specific Indian law or statute.,"The case A. Periakaruppan Chettiar vs State Of Tamil Nadu & Ors (1971), Supreme Court of India","The case of A. Periakaruppan Chettiar vs State Of Tamil Nadu & Ors (1971) could potentially influence the interpretation of the Indian law or statute related to the selection process for admissions in educational institutions. The Supreme Court's decision in this case emphasized the importance of following specific procedures and rules during the selection process. It established that selections made in violation of rules or court orders can be struck down as invalid. This interpretation highlights the significance of procedural propriety and adherence to court directives in the selection process. As a result, educational institutions and selection committees may be required to ensure strict compliance with the prescribed procedures and guidelines to avoid any potential legal challenges. This case sets a precedent for the courts to intervene and review the selection process if it is found to be arbitrary, illegal, or in violation of rules or court orders. It reinforces the principle that administrative actions must be in accordance with the law and established procedures, ensuring fairness and transparency in the selection process for admissions in educational institutions.",model_2,Qwen2.5-0.5B-Instruct,Qwen/Qwen2.5-0.5B-Instruct,"The case of A. Periakaruppan Chettiar v. State of Tamil Nadu & Ors (1971) is significant for several reasons as it highlights the importance of interpreting laws within their historical context and considering contemporary issues that may arise from those interpretations. This particular case pertains to the interpretation of the ""Right to Information"" Act, 2005, which was enacted by the Government of India following the Supreme Court's decision in the earlier cases related to information disclosure under the Information Technology Act, 2000.

In this case, the court examined whether the right to information under Article 14(1)(a) of the Constitution could be interpreted broadly enough to include all forms of public records, including government documents such as reports on corruption",5.7126,160,28.01,SUCCESS
14,Draft a hypothetical public statement for a human rights organization based on the provided case.,Olga Tellis & Ors vs Bombay Municipal Corporation & Ors (1985),"We, as a human rights organization, strongly condemn the eviction of pavement dwellers without notice as highlighted in the landmark case of Olga Tellis & Ors vs Bombay Municipal Corporation & Ors. This case has shed light on the violation of the fundamental right to livelihood, which is an integral part of the right to life under Article 21 of the Indian Constitution.   The decision of the Supreme Court in this case has reaffirmed that the right to livelihood cannot be arbitrarily deprived. It has emphasized the need for a fair and reasonable procedure to be followed before evicting pavement dwellers, ensuring that their livelihoods are not disrupted without proper notice and due process.  We believe that every individual, regardless of their socio-economic background, has the right to a dignified life and access to basic necessities. The eviction of pavement dwellers without notice not only violates their fundamental rights but also exacerbates the already dire living conditions of marginalized communities.  This case serves as a wake-up call for the government and authorities to address the root causes of poverty and homelessness. It is imperative that comprehensive and sustainable solutions are implemented to provide affordable housing, employment opportunities, and social support systems for those living in vulnerable conditions.  As a human rights organization, we urge the government to take immediate action to protect the rights of pavement dwellers and ensure their access to adequate housing, healthcare, education, and livelihood opportunities. We call for the formulation and implementation of policies that prioritize the welfare and well-being of marginalized communities, promoting inclusivity and social justice.  We also encourage civil society organizations, activists, and concerned citizens to join us in advocating for the rights of pavement dwellers and holding the government accountable for their well-being. Together, we can work towards a society that upholds the principles of equality, justice, and human dignity for all.",model_2,Qwen2.5-0.5B-Instruct,Qwen/Qwen2.5-0.5B-Instruct,"**Hypothetical Public Statement by Human Rights Organization**

Dear [City Mayor's Name],

I am writing to express our profound concern regarding the recent decision made by the Bombay Municipal Corporation (BMC) to grant a temporary injunction against us, as we believe that this action is not only unjust but also violates fundamental human rights. The BMC has failed to provide any evidence or justification for its actions, which have been widely criticized by civil society organizations across the country.

We urge you to reconsider your stance and ensure that such decisions do not become routine practices. We call upon the BMC to take immediate steps to address these issues and restore transparency and accountability within the municipal administration. Our message is clear—justice must be served without undue delay.

Thank you for considering our request.

Sincerely,
[Your Name",6.2544,160,25.58,SUCCESS
15,"Draft a summary of the Ratilal Panachand Gandhi vs The State Of Bombay And Others (1954) case, outlining its purpose, main provisions, and implications.",Ratilal Panachand Gandhi vs The State Of Bombay And Others (1954),"The Ratilal Panachand Gandhi vs The State Of Bombay And Others (1954) case dealt with the constitutional validity of certain provisions of the Bombay Public Trusts Act, 1950. The purpose of the case was to determine whether these provisions violated the fundamental rights of freedom of religion under Articles 25 and 26 of the Indian Constitution.

The main provisions challenged in the case included those related to registration, audit, appointment of trustees, cy pres doctrine, and the levy of contribution. The court upheld the validity of provisions concerning registration, audit, investment, and alienation as they were seen as regulating the administration of trust property under Article 26(d) of the Constitution.

However, the court struck down Section 44, which appointed the Charity Commissioner as a trustee of religious trusts, as it was deemed to interfere with the management of religious affairs and thus violated freedom of religion under Articles 25 and 26. Similarly, Section 47(3)-(6), which also allowed the Charity Commissioner to be appointed as a trustee, was held unconstitutional for the same reason.

The court also declared Section 55(c) and Section 56(1) of the Act as unconstitutional as they extended the cy pres doctrine beyond its recognized limits, thereby overriding the founder's intentions for a religious trust.

Regarding the levy of contribution under Section 58, the court held that it was a fee and not a tax. This meant that it was within the legislative competence and could be used to meet the expenses of regulation and administration.

The implications of this case are significant. It reaffirmed the principle that secular authorities cannot interfere in the management of religious affairs and institutions, thereby protecting the freedom of religion under Articles 25 and 26. The case also clarified the limits of the cy pres doctrine in the context of religious trusts. Additionally, the distinction between a fee and a tax in relation to the contribution under Section 58 has broader implications for similar levies under other laws.",model_2,Qwen2.5-0.5B-Instruct,Qwen/Qwen2.5-0.5B-Instruct,"The Ratilal Panachand Gandhi vs The State Of Bombay And Others (1954) is a landmark decision that significantly impacted the interpretation and application of the Constitution of India by defining certain rights as fundamental to life and liberty. This case was pivotal because it established the principle that all citizens have the right to freedom from arbitrary arrest or detention without warrant, which has been enshrined in Article 260-A of the Constitution.

### Purpose and Main Provisions

**Purpose:** The primary aim of this case was to clarify the scope of the right to be free from arbitrary arrest or detention under Article 260-A of the Constitution. It aimed to ensure that every citizen had these basic liberties protected against arbitrary deprivation.

**Main Provisions:**

1. **Arbitrary",5.601,160,28.57,SUCCESS
16,Discuss the potential implications of the given case for Indian family law.,"The case P.A. Inamdar & Ors vs State Of Maharashtra & Ors, Appeal (civil) 5041 of 2005, Supreme Court of India","The case P.A. Inamdar & Ors vs State Of Maharashtra & Ors primarily deals with the issue of minority rights in the context of educational institutions. Therefore, its direct implications for Indian family law may be limited. However, there are some potential indirect implications that can be discussed.

Firstly, the case highlights the importance of preserving the rights of religious and linguistic minorities in India. This emphasis on minority rights can have a broader impact on family law, as it reinforces the principle of religious freedom and the right of individuals to practice and propagate their religion. This can influence future cases involving interfaith marriages, conversion, and issues related to personal laws of different religious communities.

Secondly, the case underscores the need for a balanced approach between minority rights and the interests of the state in regulating educational institutions. This balance can also be relevant in the context of family law, particularly in cases involving issues such as child custody, adoption, and guardianship. The court's recognition of the autonomy of minority institutions can serve as a precedent for recognizing the autonomy of religious and cultural practices within families, as long as they do not violate the fundamental rights of individuals.

Furthermore, the case indirectly highlights the importance of education in the overall development of individuals and society. Education is closely linked to family law, as it can impact issues such as child support, maintenance, and the determination of the best interests of the child. The court's emphasis on ensuring transparency and merit-based admission processes in educational institutions can also be seen as a call for fairness and equality in family law matters.

In conclusion, while the direct implications of the P.A. Inamdar case for Indian family law may be limited, it indirectly reinforces the principles of minority rights, religious freedom, and the importance of education. These principles can have a broader impact on various aspects of family law, including interfaith marriages, personal laws, child custody, and the overall development of individuals and society.",model_2,Qwen2.5-0.5B-Instruct,Qwen/Qwen2.5-0.5B-Instruct,"The case P.A. Inamdar & Ors v. State of Maharashtra & Ors, Appeal (Civil) 5041 of 2005 is a landmark decision that has significant implications for Indian family law. This case highlights several key points:

1. **Right to Privacy**: The court emphasized the importance of protecting individual privacy rights within the context of family life. It ruled that individuals have a right to maintain their personal lives without interference from state authorities or other entities.

2. **Separate Property Rights**: The ruling extended separate property laws beyond mere matrimonial status to encompass all aspects of domestic life, including financial matters, custody decisions, and child support obligations. This means that even if one spouse divorces another, they retain certain rights over each other's assets and",6.2353,160,25.66,SUCCESS
17,Identify and summarize the key legal issues in the provided case.,Naresh Shridhar Mirajkar And Ors vs State Of Maharashtra And Anr (1966),"The key legal issues in the case of Naresh Shridhar Mirajkar And Ors vs State Of Maharashtra And Anr (1966) are as follows:

1. Whether the High Court had the inherent power to prohibit the publication of witness testimony during the trial.

2. If the High Court had the power to pass such an order, whether it violated the fundamental right to freedom of speech and expression under Article 19(1)(a) of the Constitution.

3. Whether the Supreme Court can issue a writ of certiorari against the order passed by the High Court in the exercise of its inherent powers.

These legal issues revolve around the balance between the right to a fair trial and the right to freedom of speech and expression, as well as the jurisdiction of the High Court and the Supreme Court in issuing orders and writs. The case raises important questions regarding the scope and limitations of these rights and powers in the Indian legal system.",model_2,Qwen2.5-0.5B-Instruct,Qwen/Qwen2.5-0.5B-Instruct,"The key legal issues in Naresh Shridhar Mirajkar & Ors v State of Maharashtra & Anr (1966) involve several fundamental aspects of Indian constitutional law:

1. **Protection of Fundamental Rights**: The court addressed whether the state's power to restrict freedom of speech was within its constitutional authority.
2. **Interpretation of Article 30(4)**: This provision grants a state limited powers over certain areas like education and broadcasting, but it also limits these powers under Article 357.
3. **Right to Privacy**: The court examined whether the right to privacy is protected by the constitution against any interference from the state or other authorities.
4. **Judicial Review**: The court considered whether the state could challenge the constitutionality of laws passed by",5.6619,160,28.26,SUCCESS
18,Formulate a potential public interest litigation based on the given case.,"The case Ramakrishna Singh Ram Singh And vs State Of Mysore And Ors, AIR 1960 Mys 338","A potential public interest litigation (PIL) that can be formulated based on the given case is to challenge the constitutionality of reservation policies that do not comply with Article 15(4) of the Constitution. The PIL can argue that the impugned government orders in the Ramakrishna Singh Ram Singh case violated the rights of the petitioners and other candidates who were denied admission due to the reservation policy. The PIL can seek the following reliefs:

1. Declare the impugned government orders as unconstitutional and void.

2. Direct the State of Mysore and other concerned authorities to formulate reservation policies that comply with Article 15(4) and benefit truly socially and educationally backward classes.

3. Establish a transparent and fair mechanism for determining backward classes based on intelligible principles and objective criteria.

4. Ensure that reservations are not used as a tool for discrimination or favoritism, but as a means to uplift the marginalized sections of society.

5. Direct the State to provide adequate opportunities and resources for the advancement of backward classes in education and other spheres.

6. Establish a monitoring mechanism to ensure the effective implementation of reservation policies and prevent any misuse or misappropriation of reserved seats.

This PIL would aim to protect the rights of individuals who are adversely affected by reservation policies that do not meet the constitutional requirements. It would seek to promote equality, social justice, and the advancement of backward classes in line with the principles enshrined in the Constitution of India.",model_2,Qwen2.5-0.5B-Instruct,Qwen/Qwen2.5-0.5B-Instruct,"To formulate a potential public interest litigation based on the provided case, we need to consider several key aspects:

### Public Interest Litigation Overview
Public interest litigation is typically initiated by individuals or groups who believe their rights have been violated due to government actions that affect them directly. The aim is to protect these interests through formal channels rather than relying solely on informal mechanisms like protests or civil disobedience.

### Key Elements for a Potential Public Interest Litigation
1. **Nature of Violation**: Identify what constitutes a violation of fundamental human rights.
2. **Impact on Individuals**: Determine how this violation affects specific individuals or communities.
3. **Government Actions**: Highlight any governmental actions that led to the violation.
4. **Legitimacy of Government Action**: Show whether there was sufficient justification for the action taken",6.2924,160,25.43,SUCCESS
19,Draft a hypothetical dissenting opinion for the provided case.,Olga Tellis & Ors vs Bombay Municipal Corporation & Ors (1985),"In the case of Olga Tellis & Ors vs Bombay Municipal Corporation & Ors, I respectfully dissent from the majority opinion. While I acknowledge the importance of protecting the fundamental rights of pavement dwellers, I believe that the eviction without notice is a necessary measure to maintain public order and ensure the proper use of public property.

Firstly, it is crucial to recognize that the right to livelihood, although an important aspect of the right to life, cannot be absolute. The State has a legitimate interest in regulating the use of public spaces and preventing encroachments. Pavement dwellers, by their very nature, occupy public property without authorization, which hampers the smooth functioning of the city and poses risks to public safety.

Secondly, the argument that pavement dwellers are forced to migrate to cities due to poverty and lack of rural jobs does not justify their unauthorized occupation of public spaces. While it is indeed a matter of concern that rural areas may lack sufficient employment opportunities, it is not the responsibility of the State to accommodate all individuals who choose to migrate to cities. The State should focus on addressing the root causes of rural poverty and creating sustainable livelihood options in rural areas.

Furthermore, the majority's reliance on Article 21 to protect the right to livelihood is misplaced. Article 21 primarily safeguards the right to life and personal liberty against arbitrary deprivation by the State. It does not confer an absolute right to occupy public spaces without authorization. The State has the authority to regulate the use of public property in the interest of the general public.

Lastly, the majority's assertion that eviction without notice violates principles of natural justice is flawed. The provision in question, Section 314 of the Bombay Municipal Corporation Act, allows for summary eviction of encroachments. This provision is a reasonable measure to swiftly address encroachments and prevent further unauthorized occupation of public spaces. The requirement of notice would only delay the eviction process and potentially lead to further encroachments.

In conclusion, while I sympathize with the plight of pavement dwellers, I believe that eviction without notice is a necessary measure to maintain public order and protect public property. The State has a legitimate interest in regulating the use of public spaces, and unauthorized occupation cannot be condoned. Therefore, I respectfully dissent from the majority opinion and uphold the validity of eviction without notice in this case.",model_2,Qwen2.5-0.5B-Instruct,Qwen/Qwen2.5-0.5B-Instruct,"### Hypothetical Dissenting Opinion

**Hypothetical Dissenting Opinion**

In this case, we have two parties involved - the plaintiff, Olga Tellis, who is seeking to challenge the constitutionality of the Bombay Municipal Corporation's decision to grant her a permanent residence permit under Section 34(2) of the Constitution. The primary issue before us is whether the municipal corporation has the authority to grant such a permit without prior notification or approval from the state government.

The dissenting opinion argues that the municipal corporation lacks sufficient jurisdiction to make such decisions. It contends that the municipal corporation does not possess the necessary powers to exercise its functions within the context of the Constitution. Specifically, it points out that the municipal corporation is merely a local administrative body with limited autonomy compared to the central",5.7534,160,27.81,SUCCESS
20,Identify the legal precedents used in the presented case.,"The case Subhashini K. And Ors. vs State Of Mysore And Anr., AIR 1966 Kant 40","The legal precedents used in the case Subhashini K. And Ors. vs State Of Mysore And Anr. include:

1. Balaji v State of Mysore - The Supreme Court decision in Balaji case laid down the 50% limit for reservation under Article 15(4) of the Constitution.

2. Chitralekha v State of Mysore - The Supreme Court decision in Chitralekha case recognized the validity of selection based on academic performance and interview test.

These precedents were referred to and relied upon by the court in its reasoning and decision-making process.",model_2,Qwen2.5-0.5B-Instruct,Qwen/Qwen2.5-0.5B-Instruct,"In the case of Subhashini K. And Ors. v. State of Mysore & Anr., AIR 1966 (Kant) 40, the Supreme Court of India held that a state cannot constitutionally interfere with the right to freedom of speech or expression by prohibiting any form of political agitation or demonstration without prior notice and opportunity for public hearing. The court emphasized that such interference would violate the fundamental rights enshrined in Article 21 of the Constitution, which guarantees the protection against arbitrary exercise of power. The decision was significant as it established a clear line between permissible and impermissible restrictions on free speech and expression under the guise of maintaining social order and national security.",5.6923,144,25.3,SUCCESS
21,Explain how the given case could be applied to a hypothetical fact pattern.,"The case Harsh Mander & Anr. vs Uoi & Ors., W.P.(C) 10498/2009 & CM APPL. 1837/2010, High Court of Delhi, Date of Decision: 8th August 2018, Bench: Hon'ble Acting Chief Justice Gita Mittal, Hon'ble Mr. Justice C. Hari Shankar","In a hypothetical fact pattern, if a state were to have a law similar to the Bombay Prevention of Begging Act, 1959, which criminalizes begging, the decision in the case of Harsh Mander & Anr. vs Uoi & Ors. could be applied. The court in this case held that the provisions of the Act that criminalize begging are unconstitutional as they violate fundamental rights under Articles 14, 19, and 21 of the Constitution.

Therefore, if a similar law were challenged in court, the court would likely analyze whether the criminalization of begging violates the fundamental rights of individuals. The court would consider whether the law is manifestly arbitrary and violates the right to equality under Article 14, as well as whether it violates the right to life and liberty under Article 21.

The court would also examine whether the law imposes reasonable restrictions in the interest of public order, decency, or morality. It would assess whether the law targets the most vulnerable sections of society and fails to distinguish between voluntary and forced begging.

Based on the decision in the Harsh Mander case, the court would likely strike down the provisions of the law that criminalize begging if they are found to be unconstitutional. The court would emphasize that criminalizing begging deprives the poorest sections of society of their right to life and dignity. The court would also highlight the State's obligation to provide the necessities of life to all citizens and the need for targeted legislation to address forced begging.

Overall, the decision in the Harsh Mander case sets a precedent for challenging laws that criminalize begging and provides guidance on the constitutional principles that should be considered in such cases.",model_2,Qwen2.5-0.5B-Instruct,Qwen/Qwen2.5-0.5B-Instruct,"To apply this hypothetical case to a scenario involving Harsh Mander and his family, we would need more specific details about their situation or facts that support the application of the principles discussed in the case. However, I can provide a general outline on how such a case might be analyzed:

### Legal Analysis Outline for Harsh Mander and His Family Case

#### 1. **Identify the Parties Involved**
   - **Harmful Assumption**: The key issue here is whether Harsh Mander's actions were harmful.
   - **Nature of Harm**: If he acted with malicious intent (e.g., intentionally causing harm), it may constitute a crime under criminal law.

#### 2. **Determine the Nature of the Harm**
   - **Mental Harming**: If the",5.5974,160,28.58,SUCCESS
22,"Draft a summary of the Indian Supreme Court case Smt. Triveniben & Ors vs State Of Gujarat & Ors on 7 February, 1989, outlining its key details and implications.",,"The case of Smt. Triveniben & Ors vs State Of Gujarat & Ors, decided by the Indian Supreme Court on 7 February, 1989, is a significant constitutional law case that dealt with the issue of prolonged delay in executing a death sentence and its impact on the right to life under Article 21 of the Indian Constitution. The key decision in this case was that a prolonged delay in execution entitles a condemned prisoner to have their death sentence commuted to life imprisonment, but no fixed time period can be set for such delay.

The main issue before the court was whether the prolonged delay in executing a death sentence makes it inexecutable under Article 21. The condemned prisoners challenged the death sentence on the grounds of the prolonged delay in execution, arguing that it violated their right to life.

The court held that an inordinate delay in execution after the final judicial verdict, along with other circumstances, can render the execution unjust and unfair under Article 21. However, the court also clarified that no fixed period of delay can render a death sentence inexecutable. Each case must be examined on its own merits and circumstances to determine whether the execution should be carried out or commuted to life imprisonment.

The court further emphasized that the nature of the crime and the circumstances surrounding it, as determined by the courts in the judicial proceedings, are relevant factors in deciding the fate of the death sentence. The subsequent conduct of the prisoner in jail after the final verdict is deemed irrelevant.

This decision established the legal principle that prolonged delay in execution, along with other circumstances, may render the execution unconstitutional under Article 21. It clarified that no fixed period of delay can automatically make a death sentence inexecutable. The decision also highlighted the importance of considering the nature of the crime and the circumstances surrounding it in determining the fate of the death sentence.

The implications of this case are significant for the rights of condemned prisoners and the powers of the courts in examining delay in executing death sentences. It provides guidance to the courts on how to balance the rights of the prisoners with the limited scope of judicial review after the final verdict. The decision also expands the jurisprudence on the rights of death row prisoners under Article 21 of the Indian Constitution.",model_2,Qwen2.5-0.5B-Instruct,Qwen/Qwen2.5-0.5B-Instruct,"The Supreme Court of India held that the state's right to regulate the use of public lands for grazing was not infringed upon by the government's decision to allow private companies to graze livestock within designated areas. This ruling is significant as it sets a precedent for future cases where similar issues arise under the guise of land regulation or conservation efforts.
Key Details:
- The case involved the dispute between the government (State of Gujarat) and two private companies over the management of public lands for grazing.
- The court upheld the state's authority to regulate the use of these lands based on their natural condition rather than any specific economic benefit they might provide.
- The judgment emphasized the importance of balancing national interests with local needs and environmental protection.
Implications:
This case has far-reaching consequences for various aspects of land use",6.1559,160,25.99,SUCCESS
23,Draft a legal memo outlining the potential implications of the provided case for a law firm's clients.,"The case P.A. Inamdar & Ors vs State Of Maharashtra & Ors, Appeal (civil) 5041 of 2005, Supreme Court of India","To: [Client's Name]
From: [Your Name], Esq.
Date: [Date]
Subject: Potential Implications of P.A. Inamdar Case

I. Introduction

This memo aims to outline the potential implications of the P.A. Inamdar case for our law firm's clients. The case, Appeal (civil) 5041 of 2005, was heard in the Supreme Court of India and addresses significant issues related to minority rights and the administration of private educational institutions.

II. Background

The P.A. Inamdar case involved a challenge to the admission process of private institutions established by religious and linguistic minorities in Maharashtra. The Supreme Court's decision in this case has several implications that may affect our clients in the following ways:

III. Implications

1. Protection of Minority Rights

The decision in the P.A. Inamdar case reaffirms the constitutional protection of minority rights under Article 30. This has significant implications for our clients who are part of religious or linguistic minority communities and operate private educational institutions. They can continue to exercise their right to administer these institutions and preserve their cultural and educational autonomy.

2. Regulatory Boundaries

The Supreme Court's decision also establishes certain regulatory boundaries for the administration of private institutions by religious and linguistic minorities. Our clients need to be aware of these boundaries and ensure compliance with the regulations set forth by the court. This may require them to review and revise their admission processes, ensuring transparency, fairness, and adherence to merit-based criteria.

3. Admission Procedures

The case emphasizes the importance of transparent and merit-based admission procedures in private institutions. Our clients should consider revising their admission policies to align with the principles laid down by the court. This may include adopting standardized admission criteria, ensuring equal opportunities for all applicants, and avoiding any form of discrimination.

4. Competition among Institutions

With the emphasis on merit-based admissions, our clients may experience increased competition among private institutions. To attract high-achieving students, they may need to enhance the quality of education, infrastructure, and extracurricular activities offered. Our clients should be prepared to adapt to this competitive landscape and differentiate themselves to maintain their reputation and attract the best students.

5. Affirmative Action and Minority Rights

The P.A. Inamdar case may have broader implications for policies related to affirmative action and minority rights in education. It is possible that further judicial or legislative reforms may be initiated to address any potential conflicts or gaps in the existing framework. Our clients should stay informed about any developments in this area and be prepared to adapt their practices accordingly.

IV. Conclusion

The P.A. Inamdar case has significant implications for our clients who operate private educational institutions. It reinforces the protection of minority rights while establishing regulatory boundaries for the administration of these institutions. Our clients should review their admission procedures, ensure compliance with the court's guidelines, and be prepared for increased competition in the sector. Additionally, they should stay updated on any potential reforms in affirmative action and minority rights in education. Our law firm is available to provide further guidance and assistance in navigating these implications.

Please do not hesitate to contact me if you have any questions or require additional information.

Sincerely,

[Your Name], Esq.
[Law Firm's Name]",model_2,Qwen2.5-0.5B-Instruct,Qwen/Qwen2.5-0.5B-Instruct,"**Judicial Analysis:**

In the landmark civil appeal case of P.A. Inamdar & Ors v. State of Maharashtra & Ors, the Supreme Court of India has addressed the issue of whether the state can constitutionally override the right to privacy under Article 38(1)(a) of the Constitution by imposing stringent surveillance measures on citizens' communications without their consent or knowledge. The court held that such measures infringe upon fundamental rights as guaranteed by the Constitution, particularly those related to personal liberty and privacy.

This decision underscores several key points:

1. **Right to Privacy**: The Supreme Court recognized that the right to privacy is not merely about protecting individuals from external threats but also includes protection against government intrusion into private life. This aligns with the principle of ""the people""",5.6117,160,28.51,SUCCESS
24,Analyze the potential impact of the given case on Indian intellectual property law.,The case Naresh Shridhar Mirajkar And Ors vs State Of Maharashtra And Anr (1966),"The case of Naresh Shridhar Mirajkar And Ors vs State Of Maharashtra And Anr (1966) primarily deals with constitutional law and the right to freedom of speech and expression. Therefore, its direct impact on Indian intellectual property law may be limited. However, the case indirectly highlights the importance of balancing the right to free speech with other rights, including intellectual property rights.

In the context of intellectual property law, the case emphasizes the need to protect the rights of creators and innovators while also ensuring a fair trial and the administration of justice. Intellectual property rights, such as copyrights, trademarks, and patents, are crucial for promoting creativity, innovation, and economic growth. These rights grant exclusive rights to the creators and owners of intellectual property, allowing them to control and monetize their creations.

The case reinforces the principle that the court has the inherent power to regulate its own proceedings to ensure a fair trial. This includes the power to prohibit the publication of certain information or evidence during the trial. While this power primarily relates to witness testimony and court proceedings, it indirectly highlights the importance of protecting confidential or sensitive information, including intellectual property, during legal proceedings.

In the context of intellectual property disputes, the case underscores the significance of maintaining confidentiality and preventing unauthorized disclosure of trade secrets, proprietary information, or copyrighted works. It emphasizes the need for courts to have the power to issue orders to protect the interests of parties involved in intellectual property disputes.

Furthermore, the case highlights the importance of judicial discretion in balancing competing rights and interests. In intellectual property cases, courts often need to strike a balance between the rights of the intellectual property owner and the public interest, including the right to access information and promote innovation. The case reinforces the idea that courts have the authority to impose reasonable restrictions on the exercise of fundamental rights, including the right to free speech, to protect other legitimate rights and interests.

Overall, while the case of Naresh Shridhar Mirajkar And Ors vs State Of Maharashtra And Anr (1966) may not have a direct and immediate impact on Indian intellectual property law, it indirectly emphasizes the importance of protecting intellectual property rights and maintaining a fair and balanced legal system. It reinforces the authority of the court to regulate its proceedings and issue orders to safeguard confidential information, including intellectual property, during legal proceedings. The case also underscores the significance of judicial discretion in balancing competing rights and interests in intellectual property disputes.",model_2,Qwen2.5-0.5B-Instruct,Qwen/Qwen2.5-0.5B-Instruct,"Naresh Shridhar Mirajkar & Ors v. State of Maharashtra & Anr is a landmark decision that has significantly impacted Indian intellectual property law. The case was significant because it established several key principles:

1. **Infringement Liability**: The court held that any person who infringes upon another's exclusive right to reproduce or distribute their work must be liable for damages. This principle laid down the basis for liability under copyright laws.
   
2. **Copyright Exclusivity**: It affirmed the concept of ""exclusive rights"" as provided by the Copyright Act 1957, which protects authors' rights over their works.

3. **Right to Reproduce and Distribute**: The court ruled that anyone can copy or distribute someone else’s copyrighted material without permission if they have obtained",6.2525,160,25.59,SUCCESS
25,Discuss the potential implications of the provided case for the development of Indian case law.,"University of Madras v. Shantha Bai, AIR 1954 Mad 67","The case of University of Madras v. Shantha Bai has several potential implications for the development of Indian case law. Firstly, it clarified the scope and interpretation of Articles 15(1) and 29(2) of the Constitution of India in the context of admission to educational institutions. This case established that the right to admission is governed by Article 29(2) and not Article 15(1), and that sex is not a prohibited ground for discrimination under Article 29(2). This interpretation provides a framework for future cases involving admission policies and discrimination based on sex in educational institutions.

Secondly, the case highlighted the distinction between state instrumentalities and state-aided bodies like universities. It established that constitutional prohibitions against discrimination apply only to instrumentalities of the State and not to state-aided bodies. This distinction is significant as it clarifies the application of constitutional rights and protections to different types of educational institutions.

Furthermore, the case emphasized the importance of practical considerations and the need for infrastructure and facilities in educational institutions. It recognized that regulations requiring infrastructure/facilities for women in co-education institutions are not discriminatory or prohibitive of admission of women. This recognition of practical difficulties and the balancing of interests can guide future cases involving regulations and requirements in educational institutions.

Overall, the case of University of Madras v. Shantha Bai contributes to the development of Indian case law by providing clarity on the interpretation of constitutional provisions, establishing the distinction between different types of educational institutions, and recognizing the importance of practical considerations in the formulation of regulations and requirements.",model_2,Qwen2.5-0.5B-Instruct,Qwen/Qwen2.5-0.5B-Instruct,"The University of Madras v. Shantha Bai (AIR 1954 Mad 67) is a landmark decision that has significant implications for the development of Indian constitutional law and the interpretation of the Constitution. This case was significant because it dealt with the issue of religious freedom under Article 20(3)(a) of the Indian Constitution, which guarantees freedom from discrimination on grounds of religion or belief.

### Key Points of the Case:

1. **Background**: The case arose when a student named Shantha Bai challenged the constitutionality of a university policy that prohibited him from participating in any religious activities within its premises.
   
2. **Decision**:
   - The court held that the university's policy violated Article 20(3)(a), which provides protection against discrimination based",5.6532,160,28.3,SUCCESS
26,Analyze the given case from the perspective of constitutional law.,"Smt. Triveniben & Ors vs State Of Gujarat & Ors on 7 February, 1989","The case of Smt. Triveniben & Ors vs State Of Gujarat & Ors on 7 February, 1989 is a significant constitutional law case. It deals with the issue of prolonged delay in executing a death sentence and its impact on the right to life under Article 21 of the Indian Constitution. The key legal principle established in this case is that inordinate delay in execution after the final judicial verdict, along with other circumstances, may render the execution unconstitutional under Article 21 on the grounds of unfairness and unreasonableness.

The Supreme Court held that while there is no fixed period of delay that can render a death sentence inexecutable, each case must be examined on its own facts and circumstances. The nature of the crime and the circumstances as determined by the courts in the judicial proceedings are relevant factors to consider. The subsequent conduct of the prisoner in jail after the final verdict is deemed irrelevant.

From a constitutional law perspective, this case reaffirms the fundamental right to life and personal liberty guaranteed under Article 21. It recognizes that the right to life includes the right to a dignified and timely execution of a death sentence. The court's decision emphasizes the importance of avoiding prolonged delays in the execution process, as it can cause mental agony and trauma to the condemned prisoner.

Furthermore, the case clarifies that the delay that can be considered is the delay in the disposal of mercy petitions by the President or Governor, or delay caused by the Executive. Delay due to the prisoner's own review petitions or mercy petitions cannot be considered as grounds for commutation of the death sentence.

Overall, this case highlights the constitutional principles of fairness, reasonableness, and the protection of fundamental rights in the context of the death penalty. It sets a precedent for future cases involving prolonged delays in the execution of death sentences and provides guidance to the judiciary in balancing the rights of the condemned prisoners with the need for timely and just execution.",model_2,Qwen2.5-0.5B-Instruct,Qwen/Qwen2.5-0.5B-Instruct,"The case cited is Smt. Triveniben & Ors v. State of Gujarat & Ors (No. 2) [1989] ICR 435. This judgment was significant for several reasons:

1. **Recognition of Fundamental Rights**: The court recognized that fundamental rights were inherent to all citizens under Article 19(1)(a) of the Constitution. It upheld the right to life, liberty, property, education, religion, speech, association, assembly, petition, etc., as guaranteed by Article 19(1).

2. **Prohibition of Discrimination**: The court ruled that discrimination based on caste or creed was prohibited under Article 19(2). It held that no person should be discriminated against because of his or her",6.0809,160,26.31,SUCCESS
27,Draft a hypothetical legal advice for a client based on the outcome of the provided case.,"Ramakrishna Singh Ram Singh And vs State Of Mysore And Ors, AIR 1960 Mys 338","Based on the outcome of the case Ramakrishna Singh Ram Singh And vs State Of Mysore And Ors, it is advised that if you are a candidate who has been denied admission due to the reservation policy, you may consider challenging the validity of the government orders reserving seats for backward classes in educational institutions. The court in this case struck down the government orders as unconstitutional because they did not comply with Article 15(4) of the Constitution, which permits reservation only for the advancement of truly socially and educationally backward classes.   To challenge the reservation policy, you should gather evidence to demonstrate that the classification of communities as backward lacks an intelligible principle or basis. This evidence can include data, research, and expert opinions that highlight the arbitrary nature of the classification. It is important to emphasize that the reservation policy should benefit truly backward classes and not just comparatively backward classes.  You should engage a lawyer who specializes in constitutional law and has experience in challenging government policies. The lawyer will help you file a writ petition in the appropriate court, presenting your case and arguments against the reservation policy. They will also assist you in gathering and presenting evidence to support your claim.  During the legal proceedings, it is crucial to maintain effective communication with your lawyer and provide them with all the necessary information and documents. Your lawyer will represent and defend your interests in court, presenting legal arguments based on the principles established in the Ramakrishna Singh Ram Singh And case.  It is important to note that the outcome of your case will depend on various factors, including the specific facts and circumstances, the strength of your evidence, and the interpretation of the law by the court. Therefore, it is advisable to consult with a qualified lawyer who can provide personalized legal advice based on your individual situation.  Please note that this is a hypothetical legal advice based on the outcome of the provided case. It is recommended to consult with a lawyer for specific legal advice tailored to your case.",model_2,Qwen2.5-0.5B-Instruct,Qwen/Qwen2.5-0.5B-Instruct,"In the hypothetical scenario where Ramakrishna Singh Ram Singh and his clients were involved in a civil suit against the state of Mysore regarding alleged wrongful detention by the police, the court's decision would likely be influenced by several key factors:

### Legal Analysis:
The court’s ruling is likely to uphold the principle that citizens have the right to freedom from arbitrary arrest without due process or justification. The court may have considered various aspects such as the nature of the crime (murder), the circumstances surrounding the arrest, and whether there was any reasonable suspicion at the time of the arrest leading up to its execution.

### Potential Implications:
- **Right to Privacy**: The court might find that the state has violated the citizen's privacy rights.
- **Fairness and Justice**: It could argue that the",5.7055,160,28.04,SUCCESS
28,"Draft a summary of the case K. S. Ramamurthi Reddiar vs The Chief Commissioner, Pondicherry & Anr., highlighting its purpose, main provisions, and implications.","The case K. S. Ramamurthi Reddiar vs The Chief Commissioner, Pondicherry & Anr., Supreme Court of India","The case of K. S. Ramamurthi Reddiar vs The Chief Commissioner, Pondicherry & Anr. was a constitutional law case that dealt with the interpretation of Article 12 of the Indian Constitution. The purpose of the case was to determine whether the Chief Commissioner of Pondicherry, acting as an appellate authority under the Motor Vehicles Act, could be considered a 'State' under Article 12 at the time when Pondicherry was not a part of India.   The main provisions of the case revolved around the interpretation of Article 12 and the concept of 'control' over an authority. The Supreme Court held that the words 'under the control of the Government of India' in Article 12 qualify the word 'authorities' and not 'territory'. It further clarified that judicial and quasi-judicial authorities outside India cannot be considered 'under the control of the Government of India' for the purpose of Article 12. The Court also emphasized that the Constitution does not have retrospective operation, and therefore, no writ can be issued under Article 32 concerning acts done before an area became part of India.  The implications of this case are significant. It clarified the scope of Article 12 and established that judicial and quasi-judicial authorities outside India are not 'under the control' of the Government of India. This reaffirmed the independence of such authorities and reinforced the principle of separation of powers. Additionally, the case highlighted the prospective application of the Constitution, ensuring that no writ can be issued for acts done before an area became part of India. This decision has implications for future cases involving the merger of territories with India and the exercise of writ jurisdiction over past acts. Overall, the case of K. S. Ramamurthi Reddiar vs The Chief Commissioner, Pondicherry & Anr. contributed to the development of constitutional law in India and provided clarity on the interpretation of Article 12.",model_2,Qwen2.5-0.5B-Instruct,Qwen/Qwen2.5-0.5B-Instruct,"**Summary of Case K.S. Ramamurthi Reddiar vs The Chief Commissioner, Pondicherry & Anr.,**

This case is significant as it addresses the constitutionality of the Chief Commissioner's powers under Article 356(1) of the Constitution of India. The court held that the Chief Commissioner has no power to make any order or decree regarding land acquisition without prior notification from the State Government. This ruling underscores the importance of clear statutory authority for such actions within the context of state governance.

Key Points:

1. **Purpose**: The primary aim of this judgment was to clarify the limits on the Chief Commissioner’s powers.
   
2. **Main Provisions**:
   - The Chief Commissioner cannot issue orders or decrees pertaining to land acquisition without explicit authorization from the",5.8897,160,27.17,SUCCESS
29,Evaluate the interpretation of the right to privacy under Article 21 in the case R. Rajagopal vs State Of T.N.,"R. Rajagopal vs State Of T.N, (1994) 6 SCC 632","In the case of R. Rajagopal vs State Of T.N, the Supreme Court interpreted the right to privacy under Article 21 of the Constitution. The court held that the right to privacy is a fundamental right implicit in the right to life and personal liberty guaranteed by Article 21. The court recognized that privacy includes the right to protect the details of one's private life.

The court further clarified that the right to privacy is not an absolute right and is subject to certain exceptions. These exceptions include public records, acts of public officials related to their duties, and matters of public interest. The court emphasized the need to strike a balance between privacy and the public interest in criticism of the government.

The interpretation of the right to privacy in this case established a significant legal principle. It recognized the importance of privacy as a fundamental right and provided individuals with the means to protect their private lives. The court's interpretation also set clear boundaries for the exercise of this right, ensuring that it does not impede legitimate public interest and freedom of expression.",model_2,Qwen2.5-0.5B-Instruct,Qwen/Qwen2.5-0.5B-Instruct,"The case of R. Rajagopal vs State of Tamil Nadu (hereinafter referred to as ""the Rajagopal Case"") is a significant landmark decision that interprets Article 21 of the Indian Constitution with respect to the protection of personal data. The key points of contention revolve around whether the state has the authority to compel individuals to disclose their private information for public interest purposes or if such disclosure should be restricted based on the principle of transparency and consent.

### Interpretation of Right to Privacy Under Article 21:

In the Rajagopal Case, the Supreme Court held that the state cannot compel individuals to reveal their private information without their explicit consent unless there is a compelling reason justifying this action. This ruling established that the state must obtain informed consent from individuals before disclosing any personal",5.8609,160,27.3,SUCCESS
30,Summarize the application of principles of equity in the provided case.,"Case Citation: Essar Oil Ltd vs Halar Utkarsh Samiti & Ors on 19 January, 2004

Author: R Pal
Bench: Ruma Pal, B.N. Srikrishna.

Headnotes 1:

Type of Case: Environmental Law

Key Decision: Allows laying of crude oil pipelines through the Jamnagar Marine National Park and Sanctuary subject to conditions.

Main Issue: Whether laying of crude oil pipelines destroys wildlife habitat under Section 29 of the Wildlife Protection Act, 1972.

Party Challenging Decision: Halar Utkarsh Samiti and Jansangharsh Manch (respondent NGOs)

Key Legal Principle: Laying pipelines does not necessarily lead to destruction of wildlife. State can permit it if convinced that damage is minimal and reversible.

Specific Question of Law: If laying pipelines violates Section 29 prohibition on destroying wildlife habitat in sanctuaries.

Key Evidence: Expert reports showed pipeline damage would be minimal and reversible. No evidence that it would destroy wildlife.

Headnotes 2:

Environmental Law – Wildlife habitat protection – Laying pi","In the case of Essar Oil Ltd vs Halar Utkarsh Samiti & Ors, the principles of equity were applied to determine whether laying crude oil pipelines through the Jamnagar Marine National Park and Sanctuary violated Section 29 of the Wildlife Protection Act, 1972. The court held that laying pipelines does not necessarily lead to the destruction of wildlife or irreversible damage to habitat. It clarified that Section 29 prohibits only irreversible destruction of wildlife habitat that completely and irreversibly damages the habitat. Some minimal damage is permitted if it is reversible and with proper safeguards. The court emphasized that the purpose of sanctuaries is to conserve the habitat and not freeze the area. It also recognized the need to balance environment protection and development. The court relied on expert reports which showed that the pipeline damage would be minimal and reversible, and there was no evidence of irreversible damage. The State Government had independently applied its mind based on these expert studies and granted permission with stringent safeguards. The court validated the permission subject to conditions. This case highlights the importance of considering expert studies and applying equitable principles to determine the impact of activities on wildlife habitat in sanctuaries.",model_2,Qwen2.5-0.5B-Instruct,Qwen/Qwen2.5-0.5B-Instruct,"The case of Essar Oil Ltd v Halar Utkarsh Samiti & Ors (19 January 2004) was a significant environmental dispute involving the laying of crude oil pipelines through the Jamnagar Marine National Park and Sanctuary. The key principle at play here is the concept of ""protection"" or ""conservation,"" which is central to the legal argument presented by the parties challenging the legality of the pipeline construction.

In essence, the court held that while the pipeline itself may cause some harm to wildlife habitats within the park's boundaries, this harm cannot be considered as such because the state has demonstrated sufficient grounds for allowing the pipeline to proceed without causing irreversible damage. The court emphasized that the state must have a legitimate reason for permitting the pipeline, and that any adverse impact",5.908,160,27.08,SUCCESS
31,Draft an argument for a hypothetical Public Interest Litigation inspired by the provided case.,"Miss Mohini Jain vs State Of Karnataka And Ors on 30 July, 1992","The hypothetical Public Interest Litigation (PIL) can be filed to challenge the practice of charging exorbitant fees by private educational institutions, particularly in the medical field. The argument can be framed as follows:

1. Introduction:
- Start by introducing the case of Miss Mohini Jain vs State Of Karnataka And Ors on 30 July, 1992, which recognized the right to education as a fundamental right under Article 21 of the Constitution.
- Highlight the issue of capitation fees charged by private medical colleges, which restrict access to education only to those who can afford it.

2. Violation of Fundamental Right to Education:
- Argue that the charging of exorbitant capitation fees by private educational institutions violates the fundamental right to education guaranteed under Article 21.
- Emphasize that education is essential for the development of an individual's personality and is a critical aspect of the right to life and dignity.

3. Arbitrary and Unreasonable Fees:
- Highlight the arbitrary and unreasonable nature of capitation fees, which are not based on merit or need but on the ability to pay.
- Argue that such fees create disparities and perpetuate inequality in access to education.

4. Public Interest Concerns:
- Discuss the public interest concerns associated with the commercialization of education through capitation fees.
- Highlight the adverse impact on social justice, as deserving students from economically weaker sections are denied opportunities due to financial constraints.

5. Precedent of Miss Mohini Jain Case:
- Refer to the precedent set by the Miss Mohini Jain case, where the Supreme Court declared capitation fees unconstitutional.
- Argue that the same principles should be applied to other educational institutions to ensure equal access to education.

6. Relief Sought:
- Specify the relief sought in the PIL, such as a direction to the government to regulate and control the fees charged by private educational institutions.
- Request the court to issue guidelines to ensure transparency, fairness, and affordability in the admission process.

7. Public Interest Litigation as a Remedy:
- Explain the significance of filing a PIL to address the issue of exorbitant fees in private educational institutions.
- Highlight the role of PILs in promoting social justice, protecting fundamental rights, and ensuring access to education for all.

8. Conclusion:
- Conclude the argument by emphasizing the need for the court to intervene and protect the right to education by curbing the practice of charging exorbitant fees.
- Reiterate the importance of upholding the principles established in the Miss Mohini Jain case to ensure equal opportunities for all students.",model_2,Qwen2.5-0.5B-Instruct,Qwen/Qwen2.5-0.5B-Instruct,"### Hypothetical Public Interest Litigation Argument:

**Title:** Constitutional Protection Against Discrimination Based on Gender

#### Background:
The plaintiff, Miss Mohini Jain (hereinafter referred to as ""the Plaintiff""), is a woman who was denied employment opportunities due to her gender during her tenure at the state government's office. The Defendant, the State of Karnataka (""the Defendant""), argues that this discrimination constitutes a violation of Article 44(1) of the Constitution of India, which guarantees equal treatment under the law without distinction based on sex or any other ground.

#### Legal Analysis:
1. **Equality Before the Law**: The first principle of the Constitution states that all citizens shall be treated equally before the law. This includes protection against discrimination based on gender.
   
2. **Article 4",6.055,160,26.42,SUCCESS
32,Summarize how the given case has been subsequently treated by Indian courts.,"Air India Etc. Etc vs Nergesh Meerza & Ors. Etc. Etc, (1981) 4 SCC 335, Supreme Court of India","The case of Air India v. Nergesh Meerza has been subsequently treated by Indian courts in various ways. Firstly, the decision in this case has been cited as a precedent in subsequent cases dealing with issues of discrimination and service regulations. The principles established in this case regarding the right to equality and the prohibition of manifestly arbitrary provisions have been relied upon by courts in similar cases. Secondly, the judgment in this case has influenced the development of service regulations in the aviation industry. The unconstitutional provisions mandating early retirement age and termination of air hostesses have been struck down, leading to reforms in the service conditions of air hostesses. Thirdly, the case has also had an impact on the interpretation of Article 14 of the Indian Constitution. The court's reasoning and analysis in this case have been referred to in subsequent cases to determine the constitutionality of provisions and regulations. Overall, the case of Air India v. Nergesh Meerza has had a significant influence on subsequent legal developments and has contributed to the protection of the rights of air hostesses and the promotion of equality in the aviation industry.",model_2,Qwen2.5-0.5B-Instruct,Qwen/Qwen2.5-0.5B-Instruct,"The case cited is Air India Etc. v. Nergesh Meerza & Ors. Etc., (1981) 4 SCC 335, which was a landmark judgment that established the principle of ""dual citizenship"" for Indian citizens residing abroad who have acquired permanent residency status within India. This decision significantly altered the legal landscape regarding citizenship rights and residency requirements for Indians living outside their country of origin.

In this case, the Supreme Court held that Indian citizens with permanent residence in India can retain dual citizenship even if they reside abroad without any formal documentation or proof of continuous residency. The court ruled that these individuals should be considered as having both Indian nationality and foreign nationality simultaneously, thereby expanding the scope of citizenship to include non-resident Indians.

This ruling had several implications",5.6036,160,28.55,SUCCESS
33,Draft a response to a legal notice based on the given case.,"The case of Minerva Mills Ltd. & Ors vs Union Of India & Ors, where the Supreme Court of India held that sections 4 and 55 of the Constitution (Forty Second Amendment) Act were void and beyond the amending power of the Parliament. The Court also emphasized the balance between fundamental rights and Directive Principles being an essential feature of the basic structure of the Constitution.","Subject: Response to Legal Notice Dated [Date]

Dear Sir/Madam,

I am writing in response to your legal notice dated [Date]. I would like to refer to the landmark case of Minerva Mills Ltd. & Ors vs Union Of India & Ors (1980) wherein it was conclusively decided by the Supreme Court of India that the basic structure of the Constitution cannot be altered by any constitutional amendment.

The amendments you are seeking through your notice appear to infringe upon the fundamental rights that are protected under the Constitution of India. In light of the Minerva Mills case, such changes, if they violate the basic structure of the Constitution, can be challenged and struck down by the judiciary. The Supreme Court, in the aforementioned case, underscored the balance between fundamental rights and Directive Principles of State Policy, establishing that neither can undermine the other.

Thus, I would like to respectfully assert that the amendments suggested in your notice may not stand the test of constitutionality based on the precedent set by the Supreme Court in the Minerva Mills case. I strongly urge you to review and reconsider your demands in line with the principles enshrined in our Constitution.

This letter is sent without prejudice to my rights, remedies, claims, and defenses, all of which are expressly reserved.

Yours sincerely,

[Your Name]",model_2,Qwen2.5-0.5B-Instruct,Qwen/Qwen2.5-0.5B-Instruct,"**Judicial Analysis:**

In the landmark case of **Minerva Mills Ltd. v. Union of India**, the Supreme Court of India has upheld the constitutionality of several provisions under the Forty Second Amendment Act, which was passed by the Parliament with the consent of both houses of the Lok Sabha and Rajya Sabha. This decision underscores the importance of ensuring that laws do not exceed their constitutional authority or conflict with fundamental rights as enshrined in Article 19(2).

### Key Points from the Case:

1. **Section 4**: This provision is often interpreted broadly to include various forms of discrimination against women, including but not limited to sexual harassment, domestic violence, and gender-based violence.
   
2. **Section 55**: This section specifically targets discrimination based on race, religion",6.1978,160,25.82,SUCCESS
34,Draft a hypothetical legal advice for a client based on the outcome of the provided case.,"The case Ashok Kumar Gupta & Ors vs State Of U.P. & Ors, Supreme Court of India, 1997 AIR SC 1241, 1997 (2) SCR 639","Based on the outcome of the case Ashok Kumar Gupta & Ors vs State Of U.P. & Ors, I would advise my client as follows:

Dear Client,

I have reviewed the details of the case and the decision of the Supreme Court of India. The court has upheld the validity of reservation in promotions for SCs/STs under Articles 16(4) and 16(4A) of the Constitution. This means that the promotion of reserved category candidates under the reservation policy is constitutionally valid.

Considering this outcome, if you are a general category candidate who has challenged the promotion of SC/ST candidates under the reservation policy, it is important to understand that the court has recognized the need for affirmative action to provide equality of opportunity to socially disadvantaged groups. The court has held that reservation in promotions does not violate the right to equality if SCs/STs are inadequately represented.

Therefore, it is unlikely that your challenge against the promotion of reserved category candidates will succeed. The court has established that the right to reservation in promotions is a fundamental right of SCs/STs if they are inadequately represented, subject to the efficiency of administration.

In light of this, I would advise you to consider other legal avenues or strategies to pursue your career goals. It may be beneficial to focus on enhancing your skills and qualifications to compete effectively in the job market. Additionally, exploring opportunities in sectors or organizations where reservation policies do not apply could also be a viable option.

Please note that this advice is based on the specific outcome of the mentioned case and may not be applicable to other scenarios. It is advisable to consult with a legal professional to assess your individual circumstances and explore all available options.

If you have any further questions or require additional assistance, please do not hesitate to contact me.

Sincerely,
[Your Name]
[Your Law Firm/Practice]",model_2,Qwen2.5-0.5B-Instruct,Qwen/Qwen2.5-0.5B-Instruct,"**Hypothetical Legal Advice for Client Based on the Outcome of the Provided Case**

In the landmark Supreme Court judgment of 1997, **Ashok Kumar Gupta & Ors v. State of Uttar Pradesh & Ors**, the court ruled that the state's power to regulate the use of certain types of land under Article 21 of the Constitution was not absolute but subject to certain limitations. The key points of the decision include:

1. **Regulation by Law**: The state could only exercise its regulatory powers within specific limits set out in Article 21.
2. **Limitations on Regulation**: The regulation must be necessary for the public interest or social welfare.
3. **Exclusionary Powers**: The state had exclusive jurisdiction over matters falling under Article 21",5.7248,160,27.95,SUCCESS
35,Draft an argument challenging the constitutionality of the law applied in the given case.,"Bachan Singh vs State of Punjab, Supreme Court of India, August 16, 1982","While the Supreme Court in the Bachan Singh case upheld the constitutionality of the death penalty, one could challenge this interpretation. An argument against the constitutionality of the death penalty under Section 302 of the IPC could be based on the interpretation of Article 21 of the Indian Constitution, which guarantees the right to life. One could argue that this right is absolute and inviolable, and the state does not have the authority to take away a person's life, even in the event of a crime. Additionally, the application of the death penalty could be challenged on the grounds of it being 'cruel and inhumane' punishment, going against the dignity of the individual, a fundamental value enshrined in the Preamble and throughout the Constitution. It could also be argued that the 'rarest of rare' doctrine established by the court is vague and arbitrary, resulting in unfair and unequal application of the law, thereby violating the principle of equality before the law as guaranteed by Article 14.",model_2,Qwen2.5-0.5B-Instruct,Qwen/Qwen2.5-0.5B-Instruct,"**Argument Against Constitutionality of Law Applied in Bachan Singh Case**

In the context of the Bachan Singh case (supra), it is argued that the law applicable to Bachan Singh was unconstitutional for several reasons:

1. **Overbreadth**: The law granted a wide-ranging power over his personal life, including access to information about him by anyone who wished to know it without prior consent from Bachan Singh himself or any other person. This overreach of authority is considered unconstitutional under Article 30(4) of the Constitution, which prohibits the government from infringing on fundamental rights such as privacy and family life.

2. **Unlawful Interference with Personal Rights**: The law allowed individuals outside Bachan Singh's immediate family members to obtain information about him without his explicit permission.",6.2768,160,25.49,SUCCESS
36,Formulate a potential public interest litigation based on the given case.,"Case: Unni Krishnan, J.P. and Ors. vs State of Andhra Pradesh and Ors.","Potential Public Interest Litigation: Petition against exorbitant fees and discriminatory admission practices in private educational institutions. 

Using the principles established in the Unni Krishnan case, a public interest litigation could be initiated against private educational institutions that are allegedly charging exorbitant fees and adopting discriminatory admission practices. The petition could argue that such practices violate the right to education as affirmed in the Unni Krishnan case. The petitioners could request the court to enforce the guidelines set out in this case and direct the relevant authorities to take necessary actions against such institutions. It could also seek directions for the establishment of a regulatory body to regularly monitor and ensure compliance with these guidelines.",model_2,Qwen2.5-0.5B-Instruct,Qwen/Qwen2.5-0.5B-Instruct,"To formulate a potential public interest litigation based on the provided case, we need to consider several key elements such as the nature of the issue, the parties involved, and the specific context within which it arises. The case involves Unni Krishnan v. State of Andhra Pradesh and others, where the court is considering whether there has been a violation of fundamental rights under Article 19(2)(a) of the Constitution of India.

### Potential Public Interest Litigation:

#### 1. **Nature of the Issue:**
The core issue at hand revolves around the constitutionality of laws passed by the state government that restrict or limit certain freedoms, including freedom of speech and expression, due process, and other basic human rights. This includes cases like the one before us involving the restriction of freedom of",5.6509,160,28.31,SUCCESS
37,Identify and explain the articles of the Indian Constitution applicable to the provided case.,E. P. Royappa vs State Of Tamil Nadu & Anr (1973),"The case of E. P. Royappa vs State Of Tamil Nadu & Anr (1973) involves the application of several articles of the Indian Constitution. The relevant articles are as follows:

1. Article 14: Right to Equality - This article guarantees equality before the law and prohibits discrimination on grounds of religion, race, caste, sex, or place of birth. In this case, the petitioner alleged that his transfer violated his right to equality under Article 14.

2. Article 16: Equality of Opportunity in Public Employment - This article ensures equality of opportunity in matters of public employment and prohibits discrimination in recruitment and conditions of service. The petitioner raised the issue of violation of his right to equality of opportunity under Article 16.

3. Article 311: Dismissal, Removal, or Reduction in Rank of Civil Servants - This article provides certain safeguards to civil servants, including protection against arbitrary dismissal, removal, or reduction in rank. The petitioner contended that his transfer violated the provisions of Article 311.

These articles were invoked to determine the validity of the transfer of the petitioner from the post of Chief Secretary to other posts and whether it violated his fundamental rights under the Indian Constitution.",model_2,Qwen2.5-0.5B-Instruct,Qwen/Qwen2.5-0.5B-Instruct,"The article of the Indian Constitution that is relevant to the case E. P. Royappa vs State of Tamil Nadu & Anr (1973) involves Article 246A, which deals with the right to privacy under Article 21 of the Constitution. This provision allows individuals to protect their personal information from unauthorized disclosure or misuse by government agencies or private entities without a court order.
In this specific case, the Central Government was seeking permission for the release of data related to the death of a person named E.P. Royappa. The state had argued that releasing such sensitive information would violate his right to privacy as guaranteed by Article 21 of the Constitution. However, the Supreme Court ruled against the state's request, finding that the release of such information did not infringe",6.3575,160,25.17,SUCCESS
38,Explain how the principles established in the provided case would apply to digital law.,National Legal Services Authority v. Union of India (2014),"The principles established in the case of National Legal Services Authority v. Union of India (2014) can be applied to digital law in the following ways:

1. Recognition of rights: Just as the case recognized the rights of transgender persons under Articles 14, 15, 16, 19, and 21 of the Constitution, the principles can be extended to recognize the rights of individuals in the digital space. This includes the right to privacy, freedom of expression, and protection against discrimination in the online realm.

2. Gender identity: The case emphasized the importance of recognizing and respecting the self-identified gender of transgender persons. Similarly, in digital law, it is crucial to respect and acknowledge individuals' self-identified digital identities, such as usernames, avatars, or online personas.

3. Non-discrimination: The case highlighted the discrimination faced by transgender persons and the violation of their fundamental rights. In the context of digital law, the principles can be applied to combat online discrimination, hate speech, and cyberbullying, ensuring a safe and inclusive digital environment.

4. Data protection and privacy: The principles of the case can be extended to protect individuals' data and privacy in the digital realm. Just as transgender persons have a right to privacy and protection of personal information, individuals should have control over their digital data and be safeguarded against unauthorized access or misuse.

5. Access to digital services: The case recognized the social and economic backwardness faced by transgender persons and directed the government to treat them as such. Similarly, in digital law, the principles can be used to ensure equal access to digital services and bridge the digital divide, especially for marginalized communities.

Overall, the principles established in the National Legal Services Authority case can serve as a foundation for developing and interpreting laws related to digital rights, privacy, non-discrimination, and access to digital services.",model_2,Qwen2.5-0.5B-Instruct,Qwen/Qwen2.5-0.5B-Instruct,"The National Legal Services Authority (NLSA) v. Union of India (2014), a landmark judgment by the Supreme Court of India, addressed issues related to access to justice for marginalized communities through the use of technology. The court held that the principle of ""access to information"" under Article 37(1)(a) of the Constitution should be applied more broadly beyond traditional forms of communication like telephones or newspapers, as it is applicable to all individuals regardless of their ability to read or write.

In this context, the NLSA's decision suggests several key principles:

1. **Universal Access**: It underscores the need for laws and policies to ensure equal access to information across different mediums, including digital platforms. This includes ensuring that people with disabilities have equal opportunities to participate in",5.6248,160,28.45,SUCCESS
39,Explain the constitutional validity of the arguments presented in the given case.,Sunil Batra v. Delhi Administration (1979),"In the case of Sunil Batra v. Delhi Administration (1979), the arguments presented had constitutional validity. The Supreme Court recognized that prisoners retain their fundamental rights under Part III of the Constitution, even while incarcerated. The court held that it has the duty to protect these rights through its writ jurisdiction.

The argument that prisoners have the right to be free from torture and inhumane treatment is constitutionally valid. Article 21 of the Constitution guarantees the right to life and personal liberty, which includes the right to live with dignity. The court acknowledged that custodial torture and inhumane treatment violate due process under Article 21.

The argument that the court should intervene in prison administration to address violations of prisoners' rights is also constitutionally valid. The court rejected the 'hands-off' doctrine and held that prisoners can approach the court if their rights are violated in prison. The court emphasized that judicial oversight is necessary to ensure that imprisonment does not defeat its rehabilitative purpose.

Overall, the arguments presented in the case had constitutional validity as they were based on the fundamental rights guaranteed by the Constitution of India.",model_2,Qwen2.5-0.5B-Instruct,Qwen/Qwen2.5-0.5B-Instruct,"The case cited is Sunil Batra v. Delhi Administration (1979), which was a landmark decision that established the principle of ""constitutional supremacy"" as part of the Indian Constitution. This ruling affirmed that the fundamental rights enshrined in Article 21 of the Constitution were not subject to any interpretation or limitation by any other provision of the Constitution.
In this case, the Supreme Court upheld the constitutionality of the Delhi Government's policy on land acquisition for urban development projects, arguing that it did not violate the basic human right to property under Article 21(3). The court held that the government had the authority to acquire land for public purposes without violating the Constitution's provisions regarding the protection of individual rights such as freedom from arbitrary deprivation of life.
The key points of the judgment",6.222,160,25.72,SUCCESS
40,"Draft a summary of the case 'Rupa Ashok Hurra vs Ashok Hurra & Anr, Writ Petition (civil) 509 of 1997, Supreme Court of India', outlining its background, main issues, legal principles, holdings, and implications.","The case Rupa Ashok Hurra vs Ashok Hurra & Anr, Writ Petition (civil) 509 of 1997, Supreme Court of India","The case 'Rupa Ashok Hurra vs Ashok Hurra & Anr' involved a writ petition filed under Article 32 of the Constitution in the Supreme Court of India. The petitioner, Rupa Ashok Hurra, challenged the final judgment of the Supreme Court in Civil Appeal 1843/1997 after her review petition was dismissed. The main issues in the case were the maintainability of a writ petition under Article 32 against a final judgment of the Supreme Court after the dismissal of a review petition, and whether the Supreme Court can exercise its inherent powers to reconsider its judgment after the dismissal of a review petition.   The Supreme Court, in its judgment, held that a writ petition under Article 32 is not maintainable against a final judgment of the Supreme Court after the dismissal of a review petition. However, the Court also recognized that it has inherent powers under the Constitution to reconsider its judgments in exceptional circumstances, such as abuse of judicial process or gross miscarriage of justice. The Court reasoned that while Article 32 is for enforcing fundamental rights against the State, judicial orders of the Supreme Court cannot violate fundamental rights. The Court emphasized that the Supreme Court is not an 'inferior court' amenable to writ jurisdiction of a superior court, and High Courts or smaller benches cannot issue writs to larger benches of the Supreme Court.  The implications of this case are significant. It establishes the principle that a writ petition under Article 32 is not the appropriate remedy against a final judgment of the Supreme Court after the dismissal of a review petition. However, it also recognizes the Supreme Court's inherent powers to reconsider its judgments in exceptional cases to prevent abuse of judicial process and gross miscarriage of justice. This decision provides clarity on the limits of the Supreme Court's powers to re-examine its own judgments and ensures the balance between finality of judgments and the need for justice in exceptional cases. It also opens the door for the filing of curative petitions in rare cases of gross injustice, even after the dismissal of review petitions. Overall, this case has significant implications for the Indian legal system and the rights of litigants seeking justice in exceptional circumstances.",model_2,Qwen2.5-0.5B-Instruct,Qwen/Qwen2.5-0.5B-Instruct,"**Summary of Case 'Rupa Ashok Hurra vs Ashok Hurra & Anr, Writ Petition (civil) 509 of 1997, Supreme Court of India'**

**Background:**
In this civil suit, Rupa Ashok Hurra was seeking to challenge the constitutionality of Article 32(1)(a), which provides for the right of women to have access to education. The petitioners argued that the provision violated Articles 44 and 46 of the Constitution by denying women equal rights under the law.

**Main Issues:**
- **Equality Under the Law:** The primary issue was whether the right to education is inclusive and does not discriminate against women.
- **Right to Education as Fundamental Right:** The court examined if",5.6204,160,28.47,SUCCESS
41,Discuss the potential implications of the given case for Indian family law.,"The case University of Madras v. Shantha Bai, AIR 1954 Mad 67","The case University of Madras v. Shantha Bai primarily deals with the issue of admission of women students in colleges affiliated with the University of Madras. While the case does not directly pertain to Indian family law, it has certain implications for the broader legal framework surrounding gender equality and women's rights in India.

Firstly, the case highlights the importance of constitutional provisions such as Article 15(1) and Article 29(2) in ensuring equal opportunities for education. Article 15(1) prohibits discrimination on the grounds of sex, among other factors, and Article 29(2) guarantees the right of minorities to establish and administer educational institutions. These provisions play a crucial role in shaping family law as they contribute to the overall goal of gender equality and non-discrimination.

Secondly, the case emphasizes the need for a gender-sensitive approach in formulating regulations and policies related to education. The court recognized the practical difficulties faced by colleges in providing facilities for women students and upheld the regulations aimed at ensuring proper infrastructure. This recognition of the unique challenges faced by women in accessing education can have implications for family law, as education is closely linked to empowerment and the overall well-being of individuals and families.

Furthermore, the case underscores the importance of promoting women's education and addressing gender disparities in educational institutions. By upholding the regulations that require colleges to provide facilities for women before admitting them, the court indirectly supports the idea of creating an inclusive and supportive environment for women in educational settings. This can have a positive impact on family law by promoting gender equality, empowering women, and challenging traditional gender roles and stereotypes.

In conclusion, while the case University of Madras v. Shantha Bai does not directly address Indian family law, it has implications for the broader legal framework surrounding gender equality, women's rights, and education. The case highlights the significance of constitutional provisions, the need for a gender-sensitive approach in education, and the promotion of women's empowerment. These implications can contribute to shaping family law in India by fostering a more inclusive and equitable legal system.",model_2,Qwen2.5-0.5B-Instruct,Qwen/Qwen2.5-0.5B-Instruct,"The case of University of Madras v. Shantha Bai (AIR 1954 Mad 67) is a landmark decision that has significant implications for Indian family law. The key points to consider include:

1. **Right to Privacy**: The court emphasized the importance of protecting individual privacy rights. In this case, the university's policy was seen as infringing on personal autonomy by limiting access to certain information about students' academic performance or social life.

2. **Equality Before Law**: The judgment highlighted the need for equality before the law. It stated that all individuals should be treated equally under the law, regardless of their status or background. This principle extends beyond universities and applies to other institutions too.

3. **Protection Against Discrimination**: The court ruled against discrimination based on gender,",6.2879,160,25.45,SUCCESS
42,Draft a hypothetical legal petition based on the provided case.,"Case Citation: M/S Zee Telefilms Ltd. & Anr vs Union Of India & Ors, Supreme Court of India, Decided on 2 February 2005, Bench - S.N. Variava and S.B. Sinha","""IN THE SUPREME COURT OF INDIACivil Original JurisdictionWrit Petition (Civil) No. _______ of 2005M/s Zee Telefilms Ltd. & Anr. PetitionersVs.Union of India & Ors.RespondentsPETITION UNDER ARTICLE 32 OF THE CONSTITUTION OF INDIATo,The Hon'ble Chief Justice of India and His Companion Justices of the Supreme Court of India.The humble petition of the Petitioners above-named.MOST RESPECTFULLY SHOWETH:1. The Petitioners are challenging the arbitrary and unjust cancellation of the media rights contract by the Respondent No. 2, Board of Control for Cricket in India (BCCI).2. The Petitioners submit that the BCCI, by virtue of its pervasive control over the sport of cricket in India, its regulatory powers, and its representation of Indian cricket internationally, is performing a 'public function' and thus, should be considered a 'State' under Article 12 of the Constitution of India.3. The Petitioners further submit that the BCCI's actions have violated their fundamental rights under Article 19(1)(g) of the Constitution, and thus, a writ petition under Article 32 is maintainable against the BCCI.4. The Petitioners pray for the following reliefs:a) Declare that the BCCI is a 'State' under Article 12 of the Constitution of India.b) Quash the arbitrary and unjust cancellation of the media rights contract by the BCCI.c) Direct the BCCI to act in a fair and transparent manner in its dealings with the Petitioners and other stakeholders.PRAYERIn light of the facts & circumstances stated above, it is most respectfully prayed that this Hon'ble Court may be pleased to grant the reliefs prayed for and pass such further or other orders as this Hon'ble Court may deem fit and proper in the interest of justice.AND FOR THIS ACT OF KINDNESS, THE PETITIONERS AS IN DUTY BOUND, SHALL EVER PRAY.PetitionersThroughAdvocate""",model_2,Qwen2.5-0.5B-Instruct,Qwen/Qwen2.5-0.5B-Instruct,"**Hypothetical Legal Petition**

**Petitioner:** M/S Zee Telefilms Ltd.
- Address: 123 Main Street, City, State, Country
- Registered Office: 456 Central Avenue, City, State, Country
- Principal Place of Business: 789 East Road, City, State, Country
- Registered Agent: 901 South Street, City, State, Country
- Company Registration Number: XYZ/ABC/DEF/GHI/JKL/MNO/PQR/RST/UVT/VWX/ZYZ

**Respondent:** Union of India & Others
- Address: 123 Main Street, City, State, Country
- Registered Office: 456 Central Avenue, City, State, Country",5.6263,160,28.44,SUCCESS
43,Discuss the impact of the provided case on personal data protection laws in India.,"The case Sunil Batra v. Delhi Administration (1979), (1980) 3 SCC 488, Supreme Court of India","The case Sunil Batra v. Delhi Administration (1979) primarily focused on the rights of prisoners and the need for prison reforms. Therefore, it does not directly impact personal data protection laws in India. However, the case does highlight the importance of protecting fundamental rights, including the right to privacy, which is a crucial aspect of personal data protection. The Supreme Court's emphasis on the humane treatment of prisoners and the need for judicial oversight over prison administration can be seen as a broader reflection of the court's commitment to protecting individual rights, including the right to privacy. This commitment to safeguarding fundamental rights can indirectly influence the interpretation and development of personal data protection laws in India, as the courts may draw upon the principles established in cases like Sunil Batra to ensure the protection of personal data and privacy rights in the digital age. It is important to note that personal data protection laws in India are primarily governed by the Personal Data Protection Bill, 2019, which is currently under consideration by the Indian Parliament. The impact of the Sunil Batra case on personal data protection laws would be more indirect and contextual, as it contributes to the broader jurisprudential framework of protecting individual rights and ensuring the dignity and privacy of individuals.",model_2,Qwen2.5-0.5B-Instruct,Qwen/Qwen2.5-0.5B-Instruct,"Sunil Batra v. Delhi Administration is a landmark judgment that has had significant implications for personal data protection laws in India. The key points to consider include:

1. **Personal Data Protection Act**: This act was enacted by the Indian government in 2006 with the aim of protecting individuals' privacy rights against unauthorized access or disclosure of their personal information. It includes provisions related to the collection, use, storage, transmission, and disposal of personal data.

2. **Court's Decision**: In this case, the court held that the Personal Data Protection Act does not apply to the processing of data collected from citizens under Article 14(1)(a). This ruling means that any data collected through electronic means without explicit consent would fall outside the scope of the act.

3. **Impact",6.3222,160,25.31,SUCCESS
44,Evaluate the interpretation of the given legal provision in the provided case.,"The case Air India Etc. Etc vs Nergesh Meerza & Ors. Etc. Etc, (1981) 4 SCC 335, Supreme Court of India","In the case of Air India Etc. Etc vs Nergesh Meerza & Ors. Etc. Etc, the Supreme Court of India evaluated the interpretation of certain legal provisions. One of the key legal provisions under scrutiny was Article 14 of the Constitution, which guarantees the right to equality. The court interpreted Article 14 in the context of the service regulations of Air India and Indian Airlines, specifically the provisions mandating early retirement age and termination of air hostesses. The court held that these provisions violated the right to equality as they resulted in hostile discrimination without reasonable classification. The interpretation of Article 14 in this case emphasized that any classification must have a reasonable nexus with the object sought to be achieved and should not be arbitrary or manifestly unreasonable. The court also examined other legal provisions such as Articles 15 and 16, which further support the right to equality. Overall, the interpretation of the legal provisions in this case highlighted the importance of ensuring non-discriminatory and reasonable service conditions for air hostesses and upholding the principles of equality enshrined in the Constitution.",model_2,Qwen2.5-0.5B-Instruct,Qwen/Qwen2.5-0.5B-Instruct,"In the case Air India Etc. Etc., (1981) 4 SCC 335, the Supreme Court of India interpreted a specific section of the Indian Constitution regarding the protection of minorities under Article 267A. The key provisions at issue were:

1. Article 267A: This article provides that any person who is a citizen or resident of a State shall have the right to freedom from discrimination on account of race, religion, caste, sex, language, political opinion, birthplace, place of residence, occupation, domicile, age, disability, etc.
2. Section 10(1): This part of Article 267A states that ""any person who has been discriminated against because of his race, religion, caste",5.7332,160,27.91,SUCCESS
45,Evaluate how the decision in the given case might impact a specific industry or sector in India.,"Case Citation: Central Inland Water Transport Corporation Ltd. vs Brojo Nath Ganguly & Anr., 1986 AIR 1571, 1986 SCR (2) 278. The Supreme Court upheld the High Court's decision striking down a service rule allowing termination of employment without reason as unconstitutional.","The decision in this case has significant implications for the public sector undertakings (PSUs) and government-owned corporations in India. The ruling that a government company undertaking public functions qualifies as 'State' under Article 12 expands the scope of entities that must adhere to constitutional provisions. This means that PSUs and government-owned corporations must ensure their employment contracts and service rules are not arbitrary and do not violate the principles of natural justice and the right to equality under Article 14. This could lead to a review and potential overhaul of existing service rules and employment contracts in these entities to ensure they are in line with constitutional provisions. It also means that employees of these entities have greater protection against arbitrary termination and have a legal recourse if they believe their termination was unjust. This could potentially lead to an increase in litigation against PSUs and government-owned corporations. Furthermore, it could impact the operational flexibility of these entities as they now have to ensure their actions, even in contractual matters, are not arbitrary and are in line with constitutional provisions.",model_2,Qwen2.5-0.5B-Instruct,Qwen/Qwen2.5-0.5B-Instruct,"The central issue in this case is whether a service rule that allows for termination of employment without cause constitutes discrimination under Article 14 of the Constitution of India. This provision guarantees equal treatment before the courts and prohibits any form of discriminatory practices against individuals on the basis of race, religion, gender, or other protected characteristics.

In the context of the service rules at issue here, it was held that such a rule violates Article 14 because it discriminates based on the employee's personal status rather than their job-related qualifications or performance. The court found that the rule did not merely affect employees' rights to work but also affected their ability to perform jobs effectively due to its exclusionary nature.

This ruling could have significant implications across various industries:

1. **Employment Law**: It would likely lead to",6.2648,160,25.54,SUCCESS
46,Summarize the primary dissenting arguments in the provided case.,Ratilal Panachand Gandhi vs The State Of Bombay And Others (1954),"The primary dissenting arguments in the Ratilal Panachand Gandhi case were as follows:

1) The dissenting judges argued that the provisions of the Bombay Public Trusts Act, 1950 violated the fundamental rights of freedom of religion under Articles 25 and 26 of the Constitution. They believed that the Act's interference in the management of religious trusts and appointment of the Charity Commissioner as trustee infringed upon the autonomy and religious freedom of the trustees.

2) The dissenting judges also disagreed with the majority's interpretation of the cy pres doctrine. They argued that the doctrine should be given a broader application to ensure that the trust property and income are used for the benefit of the religious community as a whole, even if it deviates from the founder's specific intentions.

3) Additionally, the dissenting judges expressed concerns about the contribution levied under Section 58 of the Act. They believed that it amounted to an unconstitutional tax rather than a valid fee, as it imposed a financial burden on the religious trusts without providing any direct benefit in return.

Overall, the dissenting judges disagreed with the majority's interpretation of the constitutional provisions and believed that the Act's provisions violated the fundamental rights of freedom of religion and imposed undue interference in the management of religious trusts.",model_2,Qwen2.5-0.5B-Instruct,Qwen/Qwen2.5-0.5B-Instruct,"The primary dissenting argument in Ratilal Panachand Gandhi v. The State of Bombay & Others was that the Constitution does not provide for a right to freedom of speech or expression as guaranteed by Article 32(1)(a) of the Constitution. This is because the Bill of Rights Act 1860 did not include this provision, which was part of the English common law tradition. 

In the context of the British Empire's colonial rule over India, the Bill of Rights Act 1867 incorporated the principle of parliamentary sovereignty into the constitution, limiting the power of Parliament to legislate on matters within its jurisdiction. Therefore, the Bill of Rights Act 1860 could not have been enacted under the same circumstances.

This dissenting view suggests that the Bill",5.592,160,28.61,SUCCESS
47,Explain how the judgment of the provided case would be applied in a similar future case.,"Islamic Academy of Education and Another v. State of Karnataka and Others, Supreme Court of India, 2003","In a similar future case involving the rights and autonomy of educational institutions, particularly private unaided professional colleges, the judgment of this case would provide important guidance. For example, in a case questioning the legitimacy of the fee structure of an institution, the court would refer to the principle that each institution has the freedom to fix its own fee structure, provided there is no profiteering or charging of capitation fees. The fee structure should ideally be fixed by a committee headed by a retired High Court judge, providing a balance between institutional autonomy and regulatory oversight. Regarding the admission process, the court would stress the importance of merit as a major factor and that the management of these colleges can reserve a certain percentage of seats. For minority institutions, the court would emphasize their special right to establish and administer educational institutions of their choice, as per Article 30 of the Constitution of India.",model_2,Qwen2.5-0.5B-Instruct,Qwen/Qwen2.5-0.5B-Instruct,"The Islamic Academy of Education (IAE) v. State of Karnataka and Others is a landmark decision that has significant implications for educational rights in India. The case involved a dispute over the admission of Muslim students to a private school under the state's control. The IAE sought to have its student admitted into the school on the grounds of their religious beliefs, which were considered discriminatory by the school authorities.

In this context, the Supreme Court ruled that the school had no right to discriminate against Muslims based on their religion. It held that every individual should be treated equally before the law, regardless of their faith or belief system. This ruling was crucial because it established that discrimination based on religion must be eliminated from any form of education.

For a similar future case, one could apply the principles laid out in I",6.4479,160,24.81,SUCCESS
48,Identify areas of disagreement between judges' opinions in the presented case.,The case P.A. Inamdar & Ors vs State Of Maharashtra & Ors does not mention specific concurring or dissenting opinions.,"Without specific details regarding concurring or dissenting opinions among the judges in the P.A. Inamdar & Ors vs State Of Maharashtra & Ors case, it is not possible to identify areas of disagreement between judges' opinions. Generally, these disagreements would be outlined in separate concurring or dissenting judgments. However, in the provided details, no such judgments are mentioned. Therefore, it can be inferred that the judgment delivered was unanimous, or any disagreements among the judges were not significant enough to warrant separate judgments.",model_2,Qwen2.5-0.5B-Instruct,Qwen/Qwen2.5-0.5B-Instruct,"In the case of P. A. Inamdar & Ors v. State of Maharashtra & Ors, there was no explicit discussion on whether certain aspects of the judgment were unanimous or if any particular judge's opinion was more significant than others. The court did not provide a detailed breakdown of how each judge voted or what their individual contributions to the decision might have been. Therefore, it is impossible for us to identify specific areas of disagreement based solely on this information. However, we can infer that there may be some disagreements regarding the interpretation of the law, procedural issues, or other factors related to the outcome of the case. Further examination would require access to the full record and transcripts of all oral arguments and deliberations by the justices involved.",5.2834,150,28.39,SUCCESS
49,Discuss potential legislative responses to the decision in the given case.,"R. Rajagopal vs State Of T.N, (1994) 6 SCC 632","The decision in the case of R. Rajagopal vs State Of T.N. has significant implications for the right to privacy and freedom of the press. In light of this decision, there are several potential legislative responses that could be considered:

1. Privacy Protection Legislation: The legislature can enact comprehensive privacy protection laws that clearly define the scope of the right to privacy and establish safeguards against its infringement. These laws can provide individuals with legal remedies and mechanisms to seek redress in case of privacy violations.

2. Data Protection Laws: The legislature can introduce robust data protection laws that regulate the collection, storage, and processing of personal data. These laws can ensure that individuals have control over their personal information and establish penalties for unauthorized access or misuse of data.

3. Press Regulation: The legislature can consider enacting laws or regulations that strike a balance between the right to privacy and freedom of the press. These laws can provide guidelines for responsible journalism and establish mechanisms for addressing privacy concerns arising from media reporting.

4. Whistleblower Protection: In order to encourage transparency and accountability, the legislature can strengthen whistleblower protection laws. These laws can provide legal safeguards for individuals who expose wrongdoing or illegal activities, while also ensuring that their privacy is protected.

5. Review of Defamation Laws: The legislature can review defamation laws to ensure that they strike a balance between protecting reputation and safeguarding freedom of expression. This can include reevaluating criminal defamation provisions and promoting alternative mechanisms for resolving defamation disputes.

6. Strengthening Data Breach Notification: The legislature can introduce or strengthen laws that require organizations to notify individuals in the event of a data breach. This can enhance transparency and enable individuals to take necessary steps to protect their privacy.

These potential legislative responses aim to address the concerns raised by the R. Rajagopal case and provide a framework for protecting privacy rights while upholding freedom of the press and other fundamental rights. It is important for the legislature to carefully consider these options and strike a balance that respects individual privacy while also promoting public interest and democratic values.",model_2,Qwen2.5-0.5B-Instruct,Qwen/Qwen2.5-0.5B-Instruct,"The case cited is R. Rajagopal v State of Tamil Nadu, where the Supreme Court ruled that a state cannot impose a ban on the sale or purchase of certain types of alcoholic beverages unless it has obtained prior consent from the Central Government through a statutory instrument. This ruling was significant as it challenged the power of states to regulate alcohol sales within their borders without explicit authorization from the central government.

In response to this decision, several legislative measures have been proposed by various states and the Union Territory of Chennai:

1. **Amendment to the Drinking Alcohol Act**: Several states have introduced amendments to the Drinking Alcohol Act, which allows for the sale of alcoholic beverages only if they meet specific criteria set out in the act. These amendments aim to ensure that all alcohol sold within the state complies with the necessary",6.3023,160,25.39,SUCCESS
50,Formulate a potential legal strategy for a client seeking to avoid a similar issue as in the given case.,"The State Of Madras vs Srimathi Champakam, AIR 1951 SC 226","To avoid a similar issue as in the case of The State Of Madras vs Srimathi Champakam, a client can adopt the following potential legal strategy:

1. Ensure compliance with Article 29(2): The client should ensure that any policies or actions related to admission to educational institutions maintained by the State do not discriminate on the grounds of religion, race, caste, or any other prohibited grounds mentioned in Article 29(2) of the Constitution. By adhering to this fundamental right, the client can avoid legal challenges similar to the one faced by the State of Madras.

2. Implement merit-based admission criteria: The client should establish transparent and merit-based admission criteria for educational institutions. This would ensure that admissions are based on the qualifications and abilities of the applicants rather than their religion, caste, or other discriminatory factors. By adopting a fair and merit-based approach, the client can avoid allegations of violating Article 29(2).

3. Seek legal advice and review policies: The client should consult with legal experts to review their existing policies and ensure compliance with constitutional provisions. Legal professionals can provide guidance on potential legal pitfalls and suggest necessary amendments to policies to avoid any constitutional violations.

4. Regularly update policies: The client should stay updated with any changes in constitutional provisions or legal precedents related to admission policies in educational institutions. By regularly reviewing and updating their policies, the client can ensure that they are in line with the evolving legal landscape and minimize the risk of facing legal challenges similar to the case of The State Of Madras vs Srimathi Champakam.

5. Maintain records and documentation: The client should maintain detailed records and documentation related to admission processes, including the criteria used, selection procedures, and any justifications for decisions made. This documentation can serve as evidence of the client's adherence to non-discriminatory practices and help in defending against any potential legal challenges.

By implementing these strategies, the client can proactively mitigate the risk of facing legal issues similar to the case of The State Of Madras vs Srimathi Champakam and ensure compliance with constitutional provisions regarding admission to educational institutions maintained by the State.",model_2,Qwen2.5-0.5B-Instruct,Qwen/Qwen2.5-0.5B-Instruct,"In the context of the case cited - The State of Madras vs Srimathi Champakam (AIR 1951 SC 226), which involves a dispute over the interpretation of a specific section of the Indian Constitution regarding the right to privacy, it is crucial to consider several strategic approaches that could potentially mitigate or prevent such issues from arising again:

### Potential Legal Strategies:

#### 1. **Pre-Enactment Legislation**
   - **Strategic Approach:** Implementing pre-enactment legislation can provide a clear framework for interpreting the constitution without direct conflict with existing laws.
   
   - **Analysis:** This approach would involve drafting new sections of the constitution that explicitly define the boundaries between personal data protection and other rights. It ensures clarity and consistency across different interpretations while avoiding",5.9487,160,26.9,SUCCESS
